Concatenate,Category,Job Group,Grade,수준 정의,세부지표 키워드,세부지표 설명
Software EngineeringS&K6세부지표1,세부지표1,Software Engineering,S&K6,Global Innovator,1. 혁신적 비전 제시,"글로벌 최고 기술 전문가로서 조직 차원의 방향성을 제시하고, 중장기적 기술 혁신 비전을 제시하여 장기적인 성장을 도모한다."
Software EngineeringS&K6세부지표2,세부지표2,Software Engineering,S&K6,Global Innovator,2. 글로벌 프로젝트 리딩,"전사 전략에 대해 시스템적 조언을 경영진에게 제공하고, 글로벌 관점에서 비즈니스 목표와 연계된 혁신적 전략을 추진하며, 글로벌 혁신 프로젝트를 리딩한다."
Software EngineeringS&K6세부지표3,세부지표3,Software Engineering,S&K6,Global Innovator,3. Global Industry Leader,"조직 내 최신 기술 동향과 기술적 노하우를 파악하여 전체에 전파하고, 기술적 비전과 프로덕트 방향을 제시하여 업계를 선도하고 글로벌 성과를 극대화한다."
Software EngineeringS&K6세부지표4,세부지표4,Software Engineering,S&K6,Global Innovator,4. 글로벌 리더십,"Cutting Edge Industry Tech 동향을 파악하고 글로벌 비즈니스에 접목하여, 글로벌 시장에서 기술과 비즈니스의 혁신을 선도한다."
Software EngineeringS&K6세부지표5,세부지표5,Software Engineering,S&K6,Global Innovator,5. 글로벌 파트너 협력,"다양한 글로벌 파트너 및 산업 커뮤니티와 협력하여 기술 혁신을 주도하고, 시장 변화에 맞춰 조직의 비즈니스 가치를 강화한다."
Software EngineeringS&K5세부지표1,세부지표1,Software Engineering,S&K5,Innovation,1. 혁신적 설계,"장기적인 기술 혁신 소프트웨어 제품 전략을 수립하고, 새로운 소프트웨어 제품 아이디어를 통해 시장에서 차별화된 경쟁 우위를 확보한다."
Software EngineeringS&K5세부지표2,세부지표2,Software Engineering,S&K5,Innovation,2. 시장 변화 대응,"최신 기술과 개발 방법론을 이해하고 장점을 수용하여 시장 변화에 부응하는 차별화된 소프트웨어 제품을 설계하고, 기술 혁신을 주도한다."
Software EngineeringS&K5세부지표3,세부지표3,Software Engineering,S&K5,Innovation,3. 기술 및 비즈니스 융합,"조직 전반에 걸친 복합적인 기술적 문제와 사업적 과제를 통합적으로 분석하여, 기술과 비즈니스를 융합한 혁신적인 해결책을 제시한다."
Software EngineeringS&K5세부지표4,세부지표4,Software Engineering,S&K5,Innovation,4. 성과 지속성,"지속 가능한 성과 창출을 목표로 장기적인 혁신 전략을 실행하고, 조직의 경쟁력과 성과를 지속적으로 강화한다."
Software EngineeringS&K5세부지표5,세부지표5,Software Engineering,S&K5,Innovation,5. 미래 기술 적용,"시스템 간 복잡성을 고려한 최적화된 설계 방안을 도출하여 미래를 대비한 기술 솔루션을 제안하고, 기술적 우수성과 운영 효율성을 극대화한다."
Software EngineeringS&K4세부지표1,세부지표1,Software Engineering,S&K4,Providing Solutions,1. 솔루션 제시,"전사 서비스 간 복잡한 유기적 관계를 깊이 이해하고, 이를 바탕으로 고질적인 문제를 분석하여 해결책을 제시하며 궁극적으로 개선한다."
Software EngineeringS&K4세부지표2,세부지표2,Software Engineering,S&K4,Providing Solutions,2. 다수 프로젝트 리딩,"담당 프로덕트와 시스템 간 관계 이해를 바탕으로 대규모 프로젝트 시, 각 시스템을 고려해 우수하게 설계한다."
Software EngineeringS&K4세부지표3,세부지표3,Software Engineering,S&K4,Providing Solutions,3. 혁신적 솔루션 적용,"복합적인 시스템 및 아키텍처 문제에 대한 해결책을 제시하고, 새로운 기술과 트렌드를 적극적으로 수용하여 조직 내에 전파함으로써 성과를 향상시킨다."
Software EngineeringS&K4세부지표4,세부지표4,Software Engineering,S&K4,Providing Solutions,4. Long term 프로젝트 관리,Long Term Project 전반에 걸친 계획을 수립하고 선도적으로 최적의 솔루션을 제안/협의한다.
Software EngineeringS&K4세부지표5,세부지표5,Software Engineering,S&K4,Providing Solutions,5. 지속적 개선,"기술 스택에 대한 깊은 이해와 다양한 기술 조합을 통해 요구사항에 맞는 솔루션을 제시하고 리딩하며, 지속적인 기술 개선을 통해 품질을 향상시킨다."
Software EngineeringS&K3세부지표1,세부지표1,Software Engineering,S&K3,Build 360 Workflow,1. 프로세스 고도화,"타 조직의 다양한 관점을 폭넓게 통합하여 기존 프로세스를 지속적으로 개선하고, 업무 수행의 품질을 향상한다."
Software EngineeringS&K3세부지표2,세부지표2,Software Engineering,S&K3,Build 360 Workflow,2. 프로젝트 리딩,프로젝트 흐름을 전반적으로 이해하고 핵심 마일스톤 달성을 목표로 성능과 보안을 최적화한다.
Software EngineeringS&K3세부지표3,세부지표3,Software Engineering,S&K3,Build 360 Workflow,3. 복합적 문제해결,Data 기반의 지식 분석과 복합적인 문제 정의를 통해 발생한 문제를 신속하게 해결한다.
Software EngineeringS&K3세부지표4,세부지표4,Software Engineering,S&K3,Build 360 Workflow,4. 프로젝트 관리,프로젝트 전반 성능 최적화 및 보안 설계를 수행한다.
Software EngineeringS&K3세부지표5,세부지표5,Software Engineering,S&K3,Build 360 Workflow,5. 전략적 요구 대응,"프로덕트 간 시스템 관계를 이해하고 문서화하며, 팀/유관부서와 협력하여 기술적 요구사항을 명확히 한다."
Software EngineeringS&K2세부지표1,세부지표1,Software Engineering,S&K2,Practical Experience,1. 프로세스 이해,"소프트웨어 기능과 동작 방식을 명확히 이해하고 설명할 수 있으며, 실무 중심의 프로세스를 숙지하고 정확하게 개발 작업을 수행한다."
Software EngineeringS&K2세부지표2,세부지표2,Software Engineering,S&K2,Practical Experience,2. 업무 독립성,"체계적인 업무 수행 역량을 바탕으로, 프로젝트를 이해하고, 능동적으로 주어진 과제를 완수하여 조직의 기대에 부합하는 결과를 효과적으로 도출한다."
Software EngineeringS&K2세부지표3,세부지표3,Software Engineering,S&K2,Practical Experience,3. 문제 해결,라이브 서비스의 오류 발생 시 영향도와 원인을 파악하여 주도적으로 문제를 해결한다.
Software EngineeringS&K2세부지표4,세부지표4,Software Engineering,S&K2,Practical Experience,4. 데이터 관리,"애플리케이션 운영 과정에서 발생하는 시스템 데이터를 정확히 관리하고 활용하여, 개발 작업의 일관성과 안정성을 유지한다."
Software EngineeringS&K2세부지표5,세부지표5,Software Engineering,S&K2,Practical Experience,5. 분석적 사고,"할당된 작업을 정확하게 이해하여, 논리적으로 작업 방안을 설계하고 실행 계획을 스스로 수립한다."
Software EngineeringS&K1세부지표1,세부지표1,Software Engineering,S&K1,Basic Job Knowledge,1. 기본 지식 이해,조직(파트/팀) 내 가이드 문서를 토대로 도메인 지식 및 개발 프로세스를 빠르게 습득하여 업무에 적용한다.
Software EngineeringS&K1세부지표2,세부지표2,Software Engineering,S&K1,Basic Job Knowledge,2. 업무 수행,작업에 대한 전반적인 프로세스를 이해하고 기본적인 업무를 수행한다.
Software EngineeringS&K1세부지표3,세부지표3,Software Engineering,S&K1,Basic Job Knowledge,3. 문제 보고,"코드 작성 및 시스템 구성 중 발생하는 문제를 적시에 보고하고, 이를 해결하기 위한 방안을 상사에게 제안 후 조언을 구한다."
Software EngineeringS&K1세부지표4,세부지표4,Software Engineering,S&K1,Basic Job Knowledge,4. 시스템 활용,본인 담당 업무와 관련된 기존 소스 코드 및 시스템 구성을 파악하고 검색(AI 등)을 활용하여 업무를 수행한다.
Software EngineeringS&K1세부지표5,세부지표5,Software Engineering,S&K1,Basic Job Knowledge,5. 피드백 반영,구성원들로부터의 건설적인 피드백을 수용하여 업무의 방식과 질을 지속적으로 개선한다
AdministrationS&K6세부지표1,세부지표1,Administration,S&K6,Global Innovator,1. 혁신적 비전 제시,"그룹 내 최고 경영관리 전문가로서 그룹 차원의 조직 효율성을 극대화할 수 있는 중장기 솔루션을 제시하며, 지속적인 성장과 혁신을 도모하는 비전을 제시한다."
AdministrationS&K6세부지표2,세부지표2,Administration,S&K6,Global Innovator,2. 글로벌 프로젝트 리딩,"전사 전략에 대해 시스템적 조언을 경영진에게 제공하고, 글로벌 관점에서 비즈니스 목표와 연계된 혁신적 전략을 추진하며, 글로벌 혁신 프로젝트를 리딩한다."
AdministrationS&K6세부지표3,세부지표3,Administration,S&K6,Global Innovator,3. Global Industry Leader,"조직 내 최신 기술 동향과 기술적 노하우를 파악하여 전체에 전파하고, 기술적 비전과 프로덕트 방향을 제시하여 업계를 선도하고 글로벌 성과를 극대화한다."
AdministrationS&K6세부지표4,세부지표4,Administration,S&K6,Global Innovator,4. 글로벌 리더십,"글로벌 차원의 트렌드를 제시하고 선도하여 새로운 업계 표준을 설정하고, 글로벌 시장에서 기술과 비즈니스를 리드한다."
AdministrationS&K6세부지표5,세부지표5,Administration,S&K6,Global Innovator,5. 글로벌 파트너 협력,"다양한 글로벌 조직, 커뮤니티와 협력하여 기술 혁신을 주도하고, 그룹의 전략적 목표 달성을 지원한다."
AdministrationS&K5세부지표1,세부지표1,Administration,S&K5,Innovation,1. 혁신적 설계,전문적 지식과 최신 트렌드를 기반으로 경영관리 효율성과 조직 역량를 높일 수 있는 혁신적인 전사 차원의 제도를 설계/실행하여 조직 내 성과를 향상시킨다.
AdministrationS&K5세부지표2,세부지표2,Administration,S&K5,Innovation,2. 시장 변화 대응,"다양한 프로젝트를 리드하며 최적의 솔루션을 제안하고, 시장 변화에 대응하는 완성도 높은 결과물을 도출한다."
AdministrationS&K5세부지표3,세부지표3,Administration,S&K5,Innovation,3. 기술 및 비즈니스 융합,"전사의 Business Partner로서 비즈니스의 핵심 영역을 개선하기 위한 과제를 기획/실행하여, 기술과 비즈니스를 융합한 솔루션을 통해 주요 OKR을 달성한다."
AdministrationS&K5세부지표4,세부지표4,Administration,S&K5,Innovation,4. 성과 지속성,Long Term Project 전반에 걸친 계획을 수립하고 지속 가능한 성과를 위한 최적의 솔루션을 선도적으로 제안/협의한다.
AdministrationS&K5세부지표5,세부지표5,Administration,S&K5,Innovation,5. 미래 기술 적용,"전사적 차원의 문제점과 Threat을 선제적으로 파악하고, 미래를 대비한 기술 솔루션을 효율적으로 도출한다."
AdministrationS&K4세부지표1,세부지표1,Administration,S&K4,Providing Solutions,1. 솔루션 제시,"전사적 차원의 문제점과 Threat을 선제적으로 파악하여, 조직의 핵심 이슈와 기술적 문제를 분석하고, 이에 대한 최적의 해결책을 효율적으로 도출한다."
AdministrationS&K4세부지표2,세부지표2,Administration,S&K4,Providing Solutions,2. 다수 프로젝트 리딩,"조직 내 공동 목표 달성을 위해 여러 프로젝트의 Milestone을 효율적으로 관리하며, 전사적인 프로젝트를 리딩/ 완수하여 조직 성과를 극대화한다."
AdministrationS&K4세부지표3,세부지표3,Administration,S&K4,Providing Solutions,3. 혁신적 솔루션 적용,최신 트렌드와 전문적 지식을 활용하여 효율적인 경영 관리 및 조직의 경쟁력을 향상시키기 위한 혁신적인 제도를 기획 및 실행한다.
AdministrationS&K4세부지표4,세부지표4,Administration,S&K4,Providing Solutions,4. Long term 프로젝트 관리,Long Term Project 전반에 걸친 계획을 수립하고 최적의 솔루션을 제안하고 프로젝트가 원활히 진행될 수 있도록 주도적으로 협의한다.
AdministrationS&K4세부지표5,세부지표5,Administration,S&K4,Providing Solutions,5. 지속적 개선,전사적 차원의 문제점 및 Threat을 선제적으로 파악하여 지속적으로 개선한다.
AdministrationS&K3세부지표1,세부지표1,Administration,S&K3,Build 360 Workflow,1. 프로세스 고도화,"타 조직의 관점을 다양한 폭넓게 통합하여 기존 프로세스를 지속적으로 개선하고, 업무 수행의 품질을 향상시킨다."
AdministrationS&K3세부지표2,세부지표2,Administration,S&K3,Build 360 Workflow,2. 프로젝트 리딩,폭넓은 업무 이해도를 바탕으로 다양한 전략과 방법론을 적용하여 직접적이고 효용성 있는 솔루션을 제시 및 수행한다.
AdministrationS&K3세부지표3,세부지표3,Administration,S&K3,Build 360 Workflow,3. 복합적 문제해결,"프로젝트에 대한 폭넓은 이해를 바탕으로 전략과 방법론을 적용하여 발생한 문제를 신속히 해결하고, 작업물의 품질을 향상시킨다."
AdministrationS&K3세부지표4,세부지표4,Administration,S&K3,Build 360 Workflow,4. 프로젝트 관리,구성원들의 관점에서 현황을 분석하고 주요 이슈를 도출하여 프로젝트를 기획 및 운영한다.
AdministrationS&K3세부지표5,세부지표5,Administration,S&K3,Build 360 Workflow,5. 전략적 요구 대응,"여러 조직(파트/팀)의 지식을 종합하여 복합적인 문제를 해결하고, 팀/유관부서와의 협력을 통해 프로젝트 목표를 성공적으로 달성한다."
AdministrationS&K2세부지표1,세부지표1,Administration,S&K2,Practical Experience,1. 프로세스 이해,소속 조직과 유관부서 간 협력 프로세스를 이해하고 협력적인 태도로 원활하게 소통한다.
AdministrationS&K2세부지표2,세부지표2,Administration,S&K2,Practical Experience,2. 업무 독립성,"체계적인 업무 수행 역량을 바탕으로, 프로젝트를 이해하고, 능동적으로 주어진 과제를 완수하여 조직의 기대에 부합하는 결과를 효과적으로 도출한다."
AdministrationS&K2세부지표3,세부지표3,Administration,S&K2,Practical Experience,3. 문제 해결,"주어진 이슈 해결을 위해 연관된 사항을 종합적으로 검토하고 해결책을 제시하며, 일상적인 문제 발생 시 스스로 해결한다."
AdministrationS&K2세부지표4,세부지표4,Administration,S&K2,Practical Experience,4. 데이터 관리,"업무 수행 과정에서 필요한 시스템 데이터를 정확히 관리하고 활용하여, 품질 유지와 리스크 감소에 기여한다."
AdministrationS&K2세부지표5,세부지표5,Administration,S&K2,Practical Experience,5. 분석적 사고,"할당된 작업을 정밀하게 수행할 뿐만 아니라, 과정을 더 깊이 이해하고 분석하여 개선한다."
AdministrationS&K1세부지표1,세부지표1,Administration,S&K1,Basic Job Knowledge,1. 기본 지식 이해,담당 업무 프로세스와 회사 제도 및 관련 법령에 대한 기본적인 이해를 바탕으로 업무를 수행한다.
AdministrationS&K1세부지표2,세부지표2,Administration,S&K1,Basic Job Knowledge,2. 업무 수행,작업에 대한 전반적인 프로세스를 이해하고 기본적인 업무를 수행한다.
AdministrationS&K1세부지표3,세부지표3,Administration,S&K1,Basic Job Knowledge,3. 문제 보고,"업무 진행 중 발생하는 문제를 적시에 보고하고, 요구사항을 바탕으로 해결책을 제시하여, 진행 상황을 명확히 보고하여 업무의 원활한 진행을 지원한다."
AdministrationS&K1세부지표4,세부지표4,Administration,S&K1,Basic Job Knowledge,4. 시스템 활용,"구성원의 니즈를 파악하고 시스템과 도구를 활용하여 구조화된 문서와 산출물을 제작하여, 다양한 이해관계자들이 쉽게 검토할 수 있도록 지원한다."
AdministrationS&K1세부지표5,세부지표5,Administration,S&K1,Basic Job Knowledge,5. 피드백 반영,"상사의 피드백을 반영하여 문서화와 산출물의 완성도를 개선하고, 이해관계자의 이해를 돕기 위해 지속적으로 업무를 최적화한다."
SoundS&K6세부지표1,세부지표1,Sound,S&K6,Global Innovator,1. 혁신적 비전 제시,글로벌 최고 사운드 전문가로서 글로벌 산업을 리드 할 수 있는 역량그룹 내 최고 사운드 전문가로서 중장기적 기술 혁신 비전을 제시한다.
SoundS&K6세부지표2,세부지표2,Sound,S&K6,Global Innovator,2. 글로벌 프로젝트 리딩,"전사 전략에 대해 시스템적 조언을 경영진에게 제공하고, 글로벌 관점에서 비즈니스 목표와 연계된 혁신적 전략을 추진하며, 글로벌 혁신 프로젝트를 리딩한다."
SoundS&K6세부지표3,세부지표3,Sound,S&K6,Global Innovator,3. Global Industry Leader,"조직 내 최신 기술 동향과 기술적 노하우를 파악하여 전체에 전파하고, 기술적 비전과 프로덕트 방향을 제시하여 업계를 선도하고 글로벌 성과를 극대화한다."
SoundS&K6세부지표4,세부지표4,Sound,S&K6,Global Innovator,4. 글로벌 리더십,"글로벌 차원의 업계 최고 수준의 역량을 발휘하여 기술과 비즈니스를 선도하며, 글로벌 시장에서 영향력을 확대한다."
SoundS&K6세부지표5,세부지표5,Sound,S&K6,Global Innovator,5. 글로벌 파트너 협력,"글로벌 파트너와 협력하여 사운드 분야의 기술 혁신을 주도하고, 조직의 글로벌 경쟁력을 강화한다."
SoundS&K5세부지표1,세부지표1,Sound,S&K5,Innovation,1. 혁신적 설계,"기술적, 시장적 요구를 반영한 프로젝트 결과물에 대한 혁신적인 솔루션을 설계하고 실행하여 시장에서 차별화된 성과를 창출한다."
SoundS&K5세부지표2,세부지표2,Sound,S&K5,Innovation,2. 시장 변화 대응,"글로벌 기술 혁신 트렌드를 적용하여 시장 변화에 맞춰 조직의 경쟁력을 강화하고, 기술 성장을 주도하여 조직의 성과를 높인다"
SoundS&K5세부지표3,세부지표3,Sound,S&K5,Innovation,3. 기술 및 비즈니스 융합,"복합적이고 다기능적인 프로젝트에서 리더십을 발휘하여, 기술과 비즈니스를 융합한 최적의 전략적 솔루션을 제시함으로써 성과를 도출한다."
SoundS&K5세부지표4,세부지표4,Sound,S&K5,Innovation,4. 성과 지속성,"장기적 성장을 목표로 혁신적 전략을 지속적으로 실행하고, 조직의 지속 가능한 성과 창출과 경쟁력 유지를 위한 기반을 구축한다."
SoundS&K5세부지표5,세부지표5,Sound,S&K5,Innovation,5. 미래 기술 적용,"미래를 대비한 기술 혁신 트렌드를 조직에 적용하여, 시장 내 선도적 위치를 확보하고 지속적인 기술 발전을 추진한다."
SoundS&K4세부지표1,세부지표1,Sound,S&K4,Providing Solutions,1. 솔루션 제시,"다양한 프로젝트를 리드하면서 조직의 기술적 문제를 분석하고, 프로젝트 결과물에 대한 최적의 솔루션을 제안하여 문제를 해결하는 능력을 발휘한다."
SoundS&K4세부지표2,세부지표2,Sound,S&K4,Providing Solutions,2. 다수 프로젝트 리딩,"조직 내 공동 목표 달성을 위해 여러 프로젝트의 Milestone을 효율적으로 관리하며, 전사적 개발 프로젝트를 완수하여 조직 성과를 극대화한다."
SoundS&K4세부지표3,세부지표3,Sound,S&K4,Providing Solutions,3. 혁신적 솔루션 적용,산업에 대한 깊은 이해를 바탕으로 새로운 제도와 기술을 도입하여 업계를 선도할 수 있는 혁신적인 Brand Identity를 제시하고 문제를 해결한다.
SoundS&K4세부지표4,세부지표4,Sound,S&K4,Providing Solutions,4. Long term 프로젝트 관리,Long Term Project 전반에 걸친 계획을 수립하고 최적의 솔루션을 제안하고 프로젝트가 원활히 진행될 수 있도록 주도적으로 협의한다.
SoundS&K4세부지표5,세부지표5,Sound,S&K4,Providing Solutions,5. 지속적 개선,"사운드 최신 기술(AI, VST)등을 선도하고 이용하여 프로젝트 결과물을 지속적으로 개선한다."
SoundS&K3세부지표1,세부지표1,Sound,S&K3,Build 360 Workflow,1. 프로세스 고도화,"프로덕트 구조에 대한 깊은 이해를 바탕으로 사운드 설계 및 리소스 산출을 효율적으로 관리하며, 프로젝트 방향성을 제시한다."
SoundS&K3세부지표2,세부지표2,Sound,S&K3,Build 360 Workflow,2. 프로젝트 리딩,프로젝트를 주도적으로 리딩하고 매니지먼트하여 구성원들이 지속적으로 작업 일정을 준수할 수 있도록 한다.
SoundS&K3세부지표3,세부지표3,Sound,S&K3,Build 360 Workflow,3. 복합적 문제해결,"타 조직의 다양한 관점을 종합하여, 제작 프로세스를 개선하고, 사운드 품질을 향상시킨다."
SoundS&K3세부지표4,세부지표4,Sound,S&K3,Build 360 Workflow,4. 프로젝트 관리,"Mastering 과정에서 발생하는 문제를 신속하게 파악하고, 구조의 변경 혹은 Volume 및 Effecting을 조정하여 효과적인 해결책을 제시한다."
SoundS&K3세부지표5,세부지표5,Sound,S&K3,Build 360 Workflow,5. 전략적 요구 대응,"개발에 필요한 사운드 구조를 완전하게 이해하고 설계하여, 팀/유관부서와의 효과적인 협업으로 작업물의 품질을 향상시킨다"
SoundS&K2세부지표1,세부지표1,Sound,S&K2,Practical Experience,1. 프로세스 이해,소속 조직과 유관부서 간 협력 프로세스를 이해하고 협력적인 태도로 원활하게 소통한다.
SoundS&K2세부지표2,세부지표2,Sound,S&K2,Practical Experience,2. 업무 독립성,"체계적인 업무 수행 역량을 바탕으로, 프로젝트를 이해하고, 능동적으로 주어진 과제를 완수하여 조직의 기대에 부합하는 결과를 효과적으로 도출한다."
SoundS&K2세부지표3,세부지표3,Sound,S&K2,Practical Experience,3. 문제 해결,"사운드 적용 과정에서 발생하는 문제를 스스로 해결하고, 개발자 관점에서 게임에 사운드를 원활히 적용할 수 있도록 기획하고 제작한다."
SoundS&K2세부지표4,세부지표4,Sound,S&K2,Practical Experience,4. 데이터 관리,"사운드 리소스와 시안 데이터를 정확히 관리하고 활용하여, 프로젝트의 품질과 일관성을 유지한다."
SoundS&K2세부지표5,세부지표5,Sound,S&K2,Practical Experience,5. 분석적 사고,"할당된 작업을 정밀하게 수행할 뿐만 아니라, 과정을 더 깊이 이해하고 분석하여 개선한다."
SoundS&K1세부지표1,세부지표1,Sound,S&K1,Basic Job Knowledge,1. 기본 지식 이해,"개발 프로세스, 사운드 리소스에 대한 기본적인 이해를 바탕으로 업무를 수행한다."
SoundS&K1세부지표2,세부지표2,Sound,S&K1,Basic Job Knowledge,2. 업무 수행,작업에 대한 전반적인 프로세스를 이해하고 기본적인 업무를 수행한다.
SoundS&K1세부지표3,세부지표3,Sound,S&K1,Basic Job Knowledge,3. 문제 보고,"사운드 제작 중 발생하는 문제를 적시에 보고하고, 피드백을 받아 업무의 원활한 진행을 지원한다."
SoundS&K1세부지표4,세부지표4,Sound,S&K1,Basic Job Knowledge,4. 시스템 활용,사운드 작업에 대한 기본지식을 갖추고 회사 사용툴의 기본적인 활용이 가능하다.
SoundS&K1세부지표5,세부지표5,Sound,S&K1,Basic Job Knowledge,5. 피드백 반영,"상사의 피드백을 반영하여 사운드 작업물의 품질을 개선하며, 작업 과정의 완성도를 높이며, 업무 수행 절차를 지속적으로 개선한다."
OperationsS&K6세부지표1,세부지표1,Operations,S&K6,Global Innovator,1. 혁신적 비전 제시,중장기적 기술 혁신 비전을 제시하고 글로벌 차원의 트렌드를 창출하여 Market의 성장을 촉진하고 확장할 수 있는 영향력을 발휘한다.
OperationsS&K6세부지표2,세부지표2,Operations,S&K6,Global Innovator,2. 글로벌 프로젝트 리딩,"전사 전략에 대해 시스템적 조언을 경영진에게 제공하고, 글로벌 관점에서 비즈니스 목표와 연계된 혁신적 전략을 추진하며, 글로벌 혁신 프로젝트를 리딩한다."
OperationsS&K6세부지표3,세부지표3,Operations,S&K6,Global Innovator,3. Global Industry Leader,"조직 내 최신 기술 동향과 기술적 노하우를 파악하여 전체에 전파하고, 기술적 비전과 프로덕트 방향을 제시하여 업계를 선도하고 글로벌 성과를 극대화한다."
OperationsS&K6세부지표4,세부지표4,Operations,S&K6,Global Innovator,4. 글로벌 리더십,"글로벌 Industry의 흐름을 깊이 이해하고, 혁신적 전략을 통해 글로벌 시장에서 기술과 비즈니스를 선도하여 조직의 시장 경쟁력을 강화한다."
OperationsS&K6세부지표5,세부지표5,Operations,S&K6,Global Innovator,5. 글로벌 파트너 협력,"글로벌 파트너와의 협력을 통해 기술 혁신을 주도하고, 조직의 글로벌 성장을 가속화한다."
OperationsS&K5세부지표1,세부지표1,Operations,S&K5,Innovation,1. 혁신적 설계,조직 내 변화를 이끌며 혁신적인 접근 방식을 통해 새로운 비즈니스 모델 또는 프로세스를 도입하여 성과를 향상시킨다.
OperationsS&K5세부지표2,세부지표2,Operations,S&K5,Innovation,2. 시장 변화 대응,"최신 기술 트렌드와 산업 변화를 반영하여 새로운 전략을 수립하고, 이를 통해 시장 변화에 맞춘 차별화된 고객 경험을 제공하여 조직의 경쟁력을 강화한다."
OperationsS&K5세부지표3,세부지표3,Operations,S&K5,Innovation,3. 기술 및 비즈니스 융합,"도메인 지식과 깊은 이해를 바탕으로 업계 내 선도적 역할을 수행하며, 기술과 비즈니스를 융합하여 새로운 시장 기회를 발굴하고 조직 성과를 창출한다."
OperationsS&K5세부지표4,세부지표4,Operations,S&K5,Innovation,4. 성과 지속성,"장기적 성장을 목표로 혁신적 전략을 지속적으로 실행하고, 조직의 지속 가능한 성과 창출과 경쟁력 유지를 위한 기반을 구축한다."
OperationsS&K5세부지표5,세부지표5,Operations,S&K5,Innovation,5. 미래 기술 적용,"미래를 대비한 기술 솔루션을 도입하여 조직의 비즈니스 모델과 프로세스를 개선하고, 지속적인 혁신을 주도한다."
OperationsS&K4세부지표1,세부지표1,Operations,S&K4,Providing Solutions,1. 솔루션 제시,비즈니스의 핵심 영역을 현저하게 개선하기 위한 프로젝트를 구성하여 조직의 이슈와 기술적 문제를 분석하여 해결책을 제시한다.
OperationsS&K4세부지표2,세부지표2,Operations,S&K4,Providing Solutions,2. 다수 프로젝트 리딩,"조직 내 공동 목표 달성을 위해 여러 프로젝트의 Milestone을 효율적으로 관리하며, 전사적인 프로젝트를 리딩/ 완수하여 조직 성과를 극대화한다."
OperationsS&K4세부지표3,세부지표3,Operations,S&K4,Providing Solutions,3. 혁신적 솔루션 적용,"Industry에 대한 심층적인 이해를 바탕으로 새로운 제도와 기술을 도입하여 전사적 차원의 성과를 창출하고, 조직의 문제를 혁신적으로 해결한다."
OperationsS&K4세부지표4,세부지표4,Operations,S&K4,Providing Solutions,4. Long term 프로젝트 관리,Long Term Project 전반에 걸친 계획을 수립하고 최적의 솔루션을 제안하고 프로젝트가 원활히 진행될 수 있도록 주도적으로 협의한다.
OperationsS&K4세부지표5,세부지표5,Operations,S&K4,Providing Solutions,5. 지속적 개선,"비즈니스의 핵심 영역을 지속적으로 개선하고, 최적의 솔루션을 제공하여 조직의 성과를 지속적으로 개선한다."
OperationsS&K3세부지표1,세부지표1,Operations,S&K3,Build 360 Workflow,1. 프로세스 고도화,"타 조직의 관점을 다양한 폭넓게 통합하여 기존 프로세스를 지속적으로 개선하고, 업무 수행의 품질을 향상시킨다."
OperationsS&K3세부지표2,세부지표2,Operations,S&K3,Build 360 Workflow,2. 프로젝트 리딩,"프로젝트 흐름을 파악하고, 핵심 마일스톤 도달을 위한 방향성을 제시한다."
OperationsS&K3세부지표3,세부지표3,Operations,S&K3,Build 360 Workflow,3. 복합적 문제해결,"이슈 발생 시 다각도로 분석하고, 관련 Stakeholder들과 신속히 논의하여 문제를 해결한다."
OperationsS&K3세부지표4,세부지표4,Operations,S&K3,Build 360 Workflow,4. 프로젝트 관리,"Data 기반을 바탕으로 한 다양한 지식의 분석 및 복합적인 문제 정의를 통해, 프로젝트를 기획하고 성과를 창출한다."
OperationsS&K3세부지표5,세부지표5,Operations,S&K3,Build 360 Workflow,5. 전략적 요구 대응,"팀/유관부서와의 협력을 통해 여러 팀의 지식을 종합해 협력하고, 복합적인 문제를 해결하며 목표 달성에 기여한다."
OperationsS&K2세부지표1,세부지표1,Operations,S&K2,Practical Experience,1. 프로세스 이해,"실무 중심의 프로세스를 이해하고 처리하여, 조직 내 다양한 업무와 변수에 적절히 대처한다."
OperationsS&K2세부지표2,세부지표2,Operations,S&K2,Practical Experience,2. 업무 독립성,"체계적인 업무 수행 역량을 바탕으로, 프로젝트를 이해하고, 능동적으로 주어진 과제를 완수하여 조직의 기대에 부합하는 결과를 효과적으로 도출한다."
OperationsS&K2세부지표3,세부지표3,Operations,S&K2,Practical Experience,3. 문제 해결,"서비스 장애 발생 시 라이브 상황을 모니터링하고, 이슈가 발생하면 스스로 문제를 파악하여 해결한다."
OperationsS&K2세부지표4,세부지표4,Operations,S&K2,Practical Experience,4. 데이터 관리,"모니터링 및 이슈 관리 과정에서 시스템 데이터를 정확하게 관리하고 활용하여, 서비스 운영의 안정성을 확보한다."
OperationsS&K2세부지표5,세부지표5,Operations,S&K2,Practical Experience,5. 분석적 사고,"할당된 작업을 정밀하게 수행할 뿐만 아니라, 과정을 더 깊이 이해하고 분석하여 개선한다."
OperationsS&K1세부지표1,세부지표1,Operations,S&K1,Basic Job Knowledge,1. 기본 지식 이해,GGPoker가 속해있는 산업군과 i-Gaming에 대한 이해를 바탕으로 업무를 수행한다.
OperationsS&K1세부지표2,세부지표2,Operations,S&K1,Basic Job Knowledge,2. 업무 수행,작업에 대한 전반적인 프로세스를 이해하고 기본적인 업무를 수행한다.
OperationsS&K1세부지표3,세부지표3,Operations,S&K1,Basic Job Knowledge,3. 문제 보고,"업무 중 발생하는 문제를 적시에 보고하고, 필요한 경우 기본 수준에서 해결 방안을 제시함으로써 업무의 원활한 진행을 지원한다."
OperationsS&K1세부지표4,세부지표4,Operations,S&K1,Basic Job Knowledge,4. 시스템 활용,기본 시스템 및 도구를 사용하여 업무를 수행한다.
OperationsS&K1세부지표5,세부지표5,Operations,S&K1,Basic Job Knowledge,5. 피드백 반영,"상사의 피드백을 반영하여 컴퓨터 활용 및 문서 처리 능력을 개선하고, 업무 효율성을 높이는 방향으로 지속적으로 개선한다."
MarketingS&K6세부지표1,세부지표1,Marketing,S&K6,Global Innovator,1. 혁신적 비전 제시,"Martech, 기술 트렌드, 산업 방향성을 반영한 글로벌 차원의 마케팅 전략을 수립하고, 미디어 환경과 Ecosystem 재편을 통해 업계 표준을 제시하는 비전 제시한다."
MarketingS&K6세부지표2,세부지표2,Marketing,S&K6,Global Innovator,2. 글로벌 프로젝트 리딩,"전사 전략에 대해 시스템적 조언을 경영진에게 제공하고, 글로벌 관점에서 비즈니스 목표와 연계된 혁신적 전략을 추진하며, 글로벌 혁신 프로젝트를 리딩한다."
MarketingS&K6세부지표3,세부지표3,Marketing,S&K6,Global Innovator,3. Global Industry Leader,"조직 내 최신 기술 동향과 기술적 노하우를 파악하여 전체에 전파하고, 기술적 비전과 프로덕트 방향을 제시하여 업계를 선도하고 글로벌 성과를 극대화한다."
MarketingS&K6세부지표4,세부지표4,Marketing,S&K6,Global Innovator,4. 글로벌 리더십,"글로벌 최고 마케팅 전문가로서 글로벌 산업을 리드하며, 글로벌 시장에서 기술과 비즈니스의 혁신을 주도한다."
MarketingS&K6세부지표5,세부지표5,Marketing,S&K6,Global Innovator,5. 글로벌 파트너 협력,"글로벌 파트너와 협력하여 산업 변화에 맞춘 기술 혁신과 마케팅 전략을 주도하며, 조직의 글로벌 경쟁력을 강화한다."
MarketingS&K5세부지표1,세부지표1,Marketing,S&K5,Innovation,1. 혁신적 설계,"도메인 지식을 바탕으로 글로벌 시장 진입과 확장을 주도하며, 장기적인 비즈니스 성장을 위한 혁신적 솔루션을 설계하고 실행한다."
MarketingS&K5세부지표2,세부지표2,Marketing,S&K5,Innovation,2. 시장 변화 대응,"시장 데이터를 기반으로 장기적 시장 변화와 소비자 행동을 예측하고, 이러한 통찰을 반영하여 시장의 변화에 맞춘 혁신적 마케팅 전략을 수립한다."
MarketingS&K5세부지표3,세부지표3,Marketing,S&K5,Innovation,3. 기술 및 비즈니스 융합,"미디어 환경의 변화를 반영한 분석 모델 개발과 디지털 마케팅 혁신을 주도하여, 최신 기술을 비즈니스 전략에 융합함으로써 시장에서 차별화된 성과를 달성한다."
MarketingS&K5세부지표4,세부지표4,Marketing,S&K5,Innovation,4. 성과 지속성,시장 데이터를 기반으로 한 심층 분석을 통한 장기적인 시장 변화와 소비자 행동 예측모델 기반으로 혁신적인 마케팅 전략 기획 및 지속가능한 성장 기반을 구축한다.
MarketingS&K5세부지표5,세부지표5,Marketing,S&K5,Innovation,5. 미래 기술 적용,"마케팅 분야의 기술적 혁신을 지속적으로 추진하며, 미래를 대비한 기술 솔루션을 도입하여 업계에서 기술적 경쟁 우위를 유지한다."
MarketingS&K4세부지표1,세부지표1,Marketing,S&K4,Providing Solutions,1. 솔루션 제시,Industry에 대한 심층적 이해를 바탕으로 조직의 마케팅 이슈룰 분석하고 사용자 중심의 마케팅 전략을 구축한다.
MarketingS&K4세부지표2,세부지표2,Marketing,S&K4,Providing Solutions,2. 다수 프로젝트 리딩,"조직 내 공동 목표 달성을 위해 여러 프로젝트의 Milestone을 효율적으로 관리하며, 전사적인 프로젝트를 리딩/ 완수하여 조직 성과를 극대화한다."
MarketingS&K4세부지표3,세부지표3,Marketing,S&K4,Providing Solutions,3. 혁신적 솔루션 적용,새로운 마케팅 기법과 트렌드를 도입하여 업계 전반에 대한 통찰을 통해 최적의 마케팅 전략을 기획 및 실행함으로써 문제를 혁신적으로 해결한다.
MarketingS&K4세부지표4,세부지표4,Marketing,S&K4,Providing Solutions,4. Long term 프로젝트 관리,Long Term Project 전반에 걸친 계획을 수립하고 최적의 솔루션을 제안하고 프로젝트가 원활히 진행될 수 있도록 주도적으로 협의한다.
MarketingS&K4세부지표5,세부지표5,Marketing,S&K4,Providing Solutions,5. 지속적 개선,새로운 마케팅 기법과 업계 전반에 대한 트렌드/인사이트를 끊임없이 탐구하여 결과물을 개선한다.
MarketingS&K3세부지표1,세부지표1,Marketing,S&K3,Build 360 Workflow,1. 프로세스 고도화,"타 조직의 다양한 관점을 폭넓게 통합하여 기존 프로세스를 지속적으로 개선하고, 업무 수행의 품질을 향상한다."
MarketingS&K3세부지표2,세부지표2,Marketing,S&K3,Build 360 Workflow,2. 프로젝트 리딩,"다양한 데이터 분석 도구를 활용하여 캠페인 성과 지표를 모니터링하고, 핵심 마일스톤에 도달할 수 있도록 방향성을 제시한다."
MarketingS&K3세부지표3,세부지표3,Marketing,S&K3,Build 360 Workflow,3. 복합적 문제해결,Data 기반의 지식 분석과 복합적인 문제 정의를 통해 발생한 문제를 신속하게 해결한다.
MarketingS&K3세부지표4,세부지표4,Marketing,S&K3,Build 360 Workflow,4. 프로젝트 관리,"Data 기반을 바탕으로 한 다양한 지식의 분석 및 복합적인 문제 정의를 통해, 프로젝트를 기획하고 성과를 창출한다."
MarketingS&K3세부지표5,세부지표5,Marketing,S&K3,Build 360 Workflow,5. 전략적 요구 대응,미디어 Tracking & Monitoring 기준에 대한 이해를 바탕으로 팀/유관부서와 협력하여 미디어 효과를 극대화하는 솔루션을 제시하고 구현한다.
MarketingS&K2세부지표1,세부지표1,Marketing,S&K2,Practical Experience,1. 프로세스 이해,"개인정보 보호 및 정보보안에 대한 지식을 바탕으로 실무 중심의 프로세스를 이해하고, 이를 마케팅 활동에 적절히 반영하여 관리한다."
MarketingS&K2세부지표2,세부지표2,Marketing,S&K2,Practical Experience,2. 업무 독립성,"체계적인 업무 수행 역량을 바탕으로, 프로젝트를 이해하고, 능동적으로 주어진 과제를 완수하여 조직의 기대에 부합하는 결과를 효과적으로 도출한다."
MarketingS&K2세부지표3,세부지표3,Marketing,S&K2,Practical Experience,3. 문제 해결,"캠페인 목표에 맞는 효과적이고 효율적인 전략적 기획 및 운영을 통해 미디어별 목표를 달성하며, 발생하는 문제를 주도적으로 해결한다."
MarketingS&K2세부지표4,세부지표4,Marketing,S&K2,Practical Experience,4. 데이터 관리,"캠페인 목표에 따른 시스템 데이터를 정확히 관리하고 활용하여, 마케팅 활동의 성과를 추적하고 최적화한다."
MarketingS&K2세부지표5,세부지표5,Marketing,S&K2,Practical Experience,5. 분석적 사고,"할당된 작업을 정밀하게 수행할 뿐만 아니라, 과정을 더 깊이 이해하고 분석하여 개선한다."
MarketingS&K1세부지표1,세부지표1,Marketing,S&K1,Basic Job Knowledge,1. 기본 지식 이해,"GGPoker가 속해있는 산업군과 마케팅, 미디어 커뮤니케이션 전반에 대한 이해를 바탕으로 업무를 수행한다."
MarketingS&K1세부지표2,세부지표2,Marketing,S&K1,Basic Job Knowledge,2. 업무 수행,작업에 대한 전반적인 프로세스를 이해하고 기본적인 업무를 수행한다.
MarketingS&K1세부지표3,세부지표3,Marketing,S&K1,Basic Job Knowledge,3. 문제 보고,"마케팅 진행 중 발생하는 문제를 적시에 보고하고, 해결책을 제시하며, 진행 상황을 명확히 보고하여 업무의 원활한 진행을 지원한다."
MarketingS&K1세부지표4,세부지표4,Marketing,S&K1,Basic Job Knowledge,4. 시스템 활용,"마케팅 도구(e.g. SEO, Social media, Contents marketing, etc.)를 활용할 수 있다."
MarketingS&K1세부지표5,세부지표5,Marketing,S&K1,Basic Job Knowledge,5. 피드백 반영,"상사의 피드백을 반영하여 마케팅 전략과 실행 과정의 완성도를 높이며, 업무 수행 절차를 지속적으로 개선한다."
Quality AssuranceS&K6세부지표1,세부지표1,Quality Assurance,S&K6,Global Innovator,1. 혁신적 비전 제시,"글로벌 차원의 QA 트렌드를 제시하는 업계 최고 수준의 역량을 바탕으로, 중장기적 기술 혁신 비전을 수립하여 조직의 성장기반을 구축한다."
Quality AssuranceS&K6세부지표2,세부지표2,Quality Assurance,S&K6,Global Innovator,2. 글로벌 프로젝트 리딩,"전사 전략에 대해 시스템적 조언을 경영진에게 제공하고, 글로벌 관점에서 비즈니스 목표와 연계된 혁신적 전략을 추진하며, 글로벌 혁신 프로젝트를 리딩한다."
Quality AssuranceS&K6세부지표3,세부지표3,Quality Assurance,S&K6,Global Innovator,3. Global Industry Leader,"조직 내 최신 기술 동향과 기술적 노하우를 파악하여 전체에 전파하고, 기술적 비전과 프로덕트 방향을 제시하여 업계를 선도하고 글로벌 성과를 극대화한다."
Quality AssuranceS&K6세부지표4,세부지표4,Quality Assurance,S&K6,Global Innovator,4. 글로벌 리더십,"글로벌 차원의 Industry의 흐름을 이해하고, 혁신적 전략으로 업계를 선도한다."
Quality AssuranceS&K6세부지표5,세부지표5,Quality Assurance,S&K6,Global Innovator,5. 글로벌 파트너 협력,"글로벌 파트너와 협력하여 디자인 및 기술 혁신을 주도하고, 그룹의 경쟁력을 강화한다."
Quality AssuranceS&K5세부지표1,세부지표1,Quality Assurance,S&K5,Innovation,1. 혁신적 설계,QA 관련 혁신 기술을 바탕으로 조직이 산업 내 선도적 위치를 차지할 수 있도록 혁신적인 솔루션을 설계하고 실행한다.
Quality AssuranceS&K5세부지표2,세부지표2,Quality Assurance,S&K5,Innovation,2. 시장 변화 대응,"시장의 변화와 기술 동향을 분석하여 중장기적 리스크를 대비하고, 이를 바탕으로 시장 변화에 선제적으로 대응하는 전략적 대안을 도출한다."
Quality AssuranceS&K5세부지표3,세부지표3,Quality Assurance,S&K5,Innovation,3. 기술 및 비즈니스 융합,도메인 지식을 활용하여 조직이 산업 내 선도적 위치를 차지할 수 있도록 기술과 비즈니스를 융합한 혁신적 비즈니스 및 기술 전략을 수립하여 성과를 창출한다.
Quality AssuranceS&K5세부지표4,세부지표4,Quality Assurance,S&K5,Innovation,4. 성과 지속성,"지속 가능한 성과 창출을 목표로 장기적인 혁신 전략을 실행하고, 조직의 경쟁력과 성과를 지속적으로 강화한다."
Quality AssuranceS&K5세부지표5,세부지표5,Quality Assurance,S&K5,Innovation,5. 미래 기술 적용,"장기적인 리스크 관리와 기술 동향을 반영하여 미래를 대비한 기술 솔루션을 도입하고, 조직이 변화에 능동적으로 대응할 수 있도록 설계한다."
Quality AssuranceS&K4세부지표1,세부지표1,Quality Assurance,S&K4,Providing Solutions,1. 솔루션 제시,"새로운 기술과 접근법을 탐구하여, 품질 보증 프로세스에서 발생하는 이슈와 기술적 문제를 분석하고 솔루션을 제시한다."
Quality AssuranceS&K4세부지표2,세부지표2,Quality Assurance,S&K4,Providing Solutions,2. 다수 프로젝트 리딩,"조직 내 공동 목표 달성을 위해 여러 프로젝트의 Milestone을 효율적으로 관리하며, 전사적인 프로젝트를 리딩/ 완수하여 조직 성과를 극대화한다."
Quality AssuranceS&K4세부지표3,세부지표3,Quality Assurance,S&K4,Providing Solutions,3. 혁신적 솔루션 적용,"업계의 최신 트렌드와 기술 동향을 연구하여, 프로젝트 결과물에 대한 최적의 솔루션을 제안하고, 새로운 기술과 접근법을 도입해 문제를 해결한다."
Quality AssuranceS&K4세부지표4,세부지표4,Quality Assurance,S&K4,Providing Solutions,4. Long term 프로젝트 관리,Long Term Project 전반에 걸친 계획을 수립하고 최적의 솔루션을 제안하고 프로젝트가 원활히 진행될 수 있도록 주도적으로 협의한다.
Quality AssuranceS&K4세부지표5,세부지표5,Quality Assurance,S&K4,Providing Solutions,5. 지속적 개선,Industry에 대한 심층적 이해를 바탕으로 장기적인 Risk를 대비하고 지속적으로 프로세스 개선을 주도한다.
Quality AssuranceS&K3세부지표1,세부지표1,Quality Assurance,S&K3,Build 360 Workflow,1. 프로세스 고도화,"타 조직의 다양한 관점을 폭넓게 통합하여 기존 프로세스를 지속적으로 개선하고, 업무 수행의 품질을 향상한다."
Quality AssuranceS&K3세부지표2,세부지표2,Quality Assurance,S&K3,Build 360 Workflow,2. 프로젝트 리딩,"품질 지표 및 매트릭스 분석 결과를 바탕으로 프로젝트의 흐름을 이해하며, 핵심 마일스톤 달성을 위한 방향성을 제시한다."
Quality AssuranceS&K3세부지표3,세부지표3,Quality Assurance,S&K3,Build 360 Workflow,3. 복합적 문제해결,"프로젝트에 대한 깊은 이해를 바탕으로 다양한 방법을 적용하여, 발생한 문제를 신속하게 해결하고 품질 수준을 향상시킨다."
Quality AssuranceS&K3세부지표4,세부지표4,Quality Assurance,S&K3,Build 360 Workflow,4. 프로젝트 관리,프로덕트 구조에 대한 높은 이해도를 바탕으로 효율적으로 프로젝트를 관리한다.
Quality AssuranceS&K3세부지표5,세부지표5,Quality Assurance,S&K3,Build 360 Workflow,5. 전략적 요구 대응,"여러 조직(파트/팀)의 품질 관련 요구사항과 비즈니스 목표를 종합하여 복잡한 결함을 해결하고, 팀/유관부서와의 협력을 통해 품질 목표를 성공적으로 달성한다."
Quality AssuranceS&K2세부지표1,세부지표1,Quality Assurance,S&K2,Practical Experience,1. 프로세스 이해,조직(팀/파트) 업무 전반에 대한 높은 이해를 바탕으로 콘텐츠 개선을 건의하고 QA Plan 도출한다.
Quality AssuranceS&K2세부지표2,세부지표2,Quality Assurance,S&K2,Practical Experience,2. 업무 독립성,"체계적인 업무 수행 역량을 바탕으로, 프로젝트를 이해하고, 능동적으로 주어진 과제를 완수하여 조직의 기대에 부합하는 결과를 효과적으로 도출한다."
Quality AssuranceS&K2세부지표3,세부지표3,Quality Assurance,S&K2,Practical Experience,3. 문제 해결,"다양한 플랫폼과 환경에서 테스트를 실시하여 시스템적 이슈의 원인을 분석하고, 스스로 해결책을 제시한다."
Quality AssuranceS&K2세부지표4,세부지표4,Quality Assurance,S&K2,Practical Experience,4. 데이터 관리,"테스트 과정에서 생성되는 시스템 데이터를 정확히 관리하고 활용하여, 테스트 결과의 일관성과 신뢰성을 확보한다."
Quality AssuranceS&K2세부지표5,세부지표5,Quality Assurance,S&K2,Practical Experience,5. 분석적 사고,구성원의 Test Case를 사전적으로 리뷰하고 risk에 대한 분석하고 개선안을 제안한다.
Quality AssuranceS&K1세부지표1,세부지표1,Quality Assurance,S&K1,Basic Job Knowledge,1. 기본 지식 이해,"담당 업무에 대한 도메인 지식, 테스트 기본 원칙 및 절차에 대한 이해를 바탕으로 업무를 수행한다."
Quality AssuranceS&K1세부지표2,세부지표2,Quality Assurance,S&K1,Basic Job Knowledge,2. 업무 수행,작업에 대한 전반적인 프로세스를 이해하고 기본적인 업무를 수행한다.
Quality AssuranceS&K1세부지표3,세부지표3,Quality Assurance,S&K1,Basic Job Knowledge,3. 문제 보고,문제 발생 시 적시에 보고하고 해결하기 위해 노력한다.
Quality AssuranceS&K1세부지표4,세부지표4,Quality Assurance,S&K1,Basic Job Knowledge,4. 시스템 활용,"BTS를 통한 이슈 트래킹을 할 수 있으며, 개발자 도구 툴을 원할히 사용할 수 있다."
Quality AssuranceS&K1세부지표5,세부지표5,Quality Assurance,S&K1,Basic Job Knowledge,5. 피드백 반영,구성원들로부터의 건설적인 피드백을 수용하여 업무 방식을 지속적으로 개선한다.
ArtS&K6세부지표1,세부지표1,Art,S&K6,Global Innovator,1. 혁신적 비전 제시,"글로벌 최고 디자인 전문가로서 중장기적인 기술 혁신 비전을 제시하며, 글로벌 산업을 리드한다."
ArtS&K6세부지표2,세부지표2,Art,S&K6,Global Innovator,2. 글로벌 프로젝트 리딩,"전사 전략에 대해 시스템적 조언을 경영진에게 제공하고, 글로벌 관점에서 비즈니스 목표와 연계된 혁신적 전략을 추진하며, 글로벌 혁신 프로젝트를 리딩한다."
ArtS&K6세부지표3,세부지표3,Art,S&K6,Global Innovator,3. Global Industry Leader,"조직 내 최신 기술 동향과 기술적 노하우를 파악하여 전체에 전파하고, 기술적 비전과 프로덕트 방향을 제시하여 업계를 선도하고 글로벌 성과를 극대화한다."
ArtS&K6세부지표4,세부지표4,Art,S&K6,Global Innovator,4. 글로벌 리더십,"글로벌 차원에서 업계 최고 수준의 역량을 발휘하여, 글로벌 시장에서 기술과 비즈니스의 혁신을 선도한다."
ArtS&K6세부지표5,세부지표5,Art,S&K6,Global Innovator,5. 글로벌 파트너 협력,"글로벌 파트너와 협력하여 디자인 및 기술 혁신을 주도하고, 그룹의 경쟁력을 강화한다."
ArtS&K5세부지표1,세부지표1,Art,S&K5,Innovation,1. 혁신적 설계,"조직의 장기적 비즈니스 목표와 일치하도록 프로젝트를 설계하고, 기술적 및 시장적 요구를 반영한 전략적 의사결정을 통해 프로젝트 성과를 극대화한다."
ArtS&K5세부지표2,세부지표2,Art,S&K5,Innovation,2. 시장 변화 대응,"프로젝트 및 전사적 차원의 기술 혁신을 리드하며, 미래를 대비한 기술 솔루션을 도입하여 조직의 경쟁력을 강화한다."
ArtS&K5세부지표3,세부지표3,Art,S&K5,Innovation,3. 기술 및 비즈니스 융합,브랜드의 차별화를 명확히 하여 기술과 비즈니스 요소를 융합한 산업 내 혁신적 브랜드 포지셔닝을 통해 조직의 장기적인 성과를 창출한다.
ArtS&K5세부지표4,세부지표4,Art,S&K5,Innovation,4. 성과 지속성,브랜드와 기술 혁신을 지속적으로 추구하여 조직의 장기적인 성과를 창출하고 유지할 수 있는 기반을 구축한다.
ArtS&K5세부지표5,세부지표5,Art,S&K5,Innovation,5. 미래 기술 적용,"경쟁사 대비 브랜드의 차별화를 명확히 하고, 산업 내 혁신적 브랜드 포지셔닝을 통해 조직의 장기적인 성과 창출한다."
ArtS&K4세부지표1,세부지표1,Art,S&K4,Providing Solutions,1. 솔루션 제시,"다양한 프로젝트에 대한 리드가 가능하며, 프로젝트 결과물에 대한 최적의 솔루션을 제안한다."
ArtS&K4세부지표2,세부지표2,Art,S&K4,Providing Solutions,2. 다수 프로젝트 리딩,"조직 내 공동 목표 달성을 위해 여러 프로젝트의 Milestone을 효율적으로 관리하며, 전사적인 프로젝트를 리딩/ 완수하여 조직 성과를 극대화한다."
ArtS&K4세부지표3,세부지표3,Art,S&K4,Providing Solutions,3. 혁신적 솔루션 적용,"산업에 대한 깊은 이해를 바탕으로, 새로운 제도와 선도기술을 도입하여 업계를 선도할 수 있는 Brand Identity를 제시하고 문제를 혁신적으로 해결한다."
ArtS&K4세부지표4,세부지표4,Art,S&K4,Providing Solutions,4. Long term 프로젝트 관리,Long Term Project 전반에 걸친 계획을 수립하고 최적의 솔루션을 제안하고 프로젝트가 원활히 진행될 수 있도록 주도적으로 협의한다.
ArtS&K4세부지표5,세부지표5,Art,S&K4,Providing Solutions,5. 지속적 개선,"프로젝트 결과물의 품질을 지속적으로 개선하고, 최적의 솔루션을 제공한다."
ArtS&K3세부지표1,세부지표1,Art,S&K3,Build 360 Workflow,1. 프로세스 고도화,"타 조직의 다양한 관점을 폭넓게 통합하여 기존 프로세스를 지속적으로 개선하고, 업무 수행의 품질을 향상시키기 위해 일관된 디자인을 위한 가이드와 스타일 가이드를 체계적으로 작성한다."
ArtS&K3세부지표2,세부지표2,Art,S&K3,Build 360 Workflow,2. 프로젝트 리딩,"프로덕트 구조에 대한 높은 이해도를 바탕으로 프로젝트 흐름을 파악하고, 핵심 마일스톤을 달성하기 위한 방향성을 제시한다."
ArtS&K3세부지표3,세부지표3,Art,S&K3,Build 360 Workflow,3. 복합적 문제해결,"프로젝트에 대한 폭넓은 이해를 바탕으로 전략과 방법론을 적용하여 발생한 문제를 신속히 해결하고, 작업물의 품질을 향상시킨다."
ArtS&K3세부지표4,세부지표4,Art,S&K3,Build 360 Workflow,4. 프로젝트 관리,프로젝트에 대한 폭넓은 이해를 바탕으로 다양한 전략과 방법론을 적용하여 작업물의 품질을 향상시킨다.
ArtS&K3세부지표5,세부지표5,Art,S&K3,Build 360 Workflow,5. 전략적 요구 대응,"디자인 가이드와 스타일 가이드를 작성하여 팀 간 일관된 디자인을 유지하며, 팀/유관부서와 협력하여 목표를 달성하는데 기여한다."
ArtS&K2세부지표1,세부지표1,Art,S&K2,Practical Experience,1. 프로세스 이해,"사용자 관점에서 니즈를 파악하고 Art 산출물을 제작하여, 실무 중심의 프로세스를 이해하고 이를 통해 아트 작업을 최적화한다."
ArtS&K2세부지표2,세부지표2,Art,S&K2,Practical Experience,2. 업무 독립성,"체계적인 업무 수행 역량을 바탕으로, 프로젝트를 이해하고, 능동적으로 주어진 과제를 완수하여 조직의 기대에 부합하는 결과를 효과적으로 도출한다."
ArtS&K2세부지표3,세부지표3,Art,S&K2,Practical Experience,3. 문제 해결,"디자인 트렌드와 새로운 툴을 학습하여 프로젝트에 적용하면서 발생하는 문제를 스스로 해결하고, 아트 작업의 품질을 향상시킨다."
ArtS&K2세부지표4,세부지표4,Art,S&K2,Practical Experience,4. 데이터 관리,"아트 리소스와 관련된 데이터를 정확하게 관리하고 활용하여, 작업물의 일관성과 품질을 유지시킨다."
ArtS&K2세부지표5,세부지표5,Art,S&K2,Practical Experience,5. 분석적 사고,"할당된 작업을 정밀하게 수행할 뿐만 아니라, 과정을 더 깊이 이해하고 분석하여 개선한다."
ArtS&K1세부지표1,세부지표1,Art,S&K1,Basic Job Knowledge,1. 기본 지식 이해,"게임 산업군을 이해하고, 게임 리소스 제작 및 시안 제작에 대한 기본 지식을 바탕으로 업무를 수행한다."
ArtS&K1세부지표2,세부지표2,Art,S&K1,Basic Job Knowledge,2. 업무 수행,작업에 대한 전반적인 프로세스를 이해하고 기본적인 업무를 수행한다.
ArtS&K1세부지표3,세부지표3,Art,S&K1,Basic Job Knowledge,3. 문제 보고,"리소스 제작 중 발생하는 문제를 적시에 보고하고, 이를 해결하기 위한 대안을 제시한다."
ArtS&K1세부지표4,세부지표4,Art,S&K1,Basic Job Knowledge,4. 시스템 활용,"회사 사용 툴을 숙달하여 활용하며, 게임 리소스 제작 및 시안 제작에 필요한 도구들을 효과적으로 사용한다."
ArtS&K1세부지표5,세부지표5,Art,S&K1,Basic Job Knowledge,5. 피드백 반영,"상사의 피드백을 반영하여 아트 작업물의 완성도를 높이고, 업무 과정에서 지속적인 개선을 추구한다."
Project ManagementS&K6세부지표1,세부지표1,Project Management,S&K6,Global Innovator,1. 혁신적 비전 제시,"글로벌 차원의 Trend를 창출 및 선도하여 혁신적 비전을 제시하여, Market 전반을 확대하고 장기적인 성장 기반을 구축한다."
Project ManagementS&K6세부지표2,세부지표2,Project Management,S&K6,Global Innovator,2. 글로벌 프로젝트 리딩,"전사 전략에 대해 시스템과 프로덕트 관점에서 경영진에게 조언을 제공하고, 글로벌 관점에서 비즈니스 목표와 연계된 혁신적 전략을 추진하며, 글로벌 혁신 프로젝트를 리딩한다."
Project ManagementS&K6세부지표3,세부지표3,Project Management,S&K6,Global Innovator,3. Global Industry Leader,"업계 최신 기술 동향과 기술적 노하우를 파악하여 전체에 전파하고, 기술적 비전과 프로덕트의 방향성을 제시하여 업계를 선도하고 글로벌 성과를 극대화한다."
Project ManagementS&K6세부지표4,세부지표4,Project Management,S&K6,Global Innovator,4. 글로벌 리더십,"혁신적인 프로덕트를 기획하여 글로벌 시장에서 비즈니스와 기술을 선도하며, 시장 전반을 확대할 수 있는 영향력을 발휘한다."
Project ManagementS&K6세부지표5,세부지표5,Project Management,S&K6,Global Innovator,5. 글로벌 파트너 협력,"다양한 글로벌 파트너, 산업 및 커뮤니티와 협력하여 기술 혁신을 주도하고, 시장 변화에 맞춰 조직의 비즈니스 가치를 강화한다."
Project ManagementS&K5세부지표1,세부지표1,Project Management,S&K5,Innovation,1. 혁신적 설계,"시장의 트렌드를 예측하여 장기적인 혁신 제품 전략을 수립하고, 새로운 제품 아이디어를 통해 시장에서 차별화된 경쟁 우위를 확보한다."
Project ManagementS&K5세부지표2,세부지표2,Project Management,S&K5,Innovation,2. 시장 변화 대응,"조직 내 혁신적인 전략 기획을 통해 기존 시장의 한계를 극복하고, 시장 변화에 맞춘 새로운 비즈니스 기회를 창출한다."
Project ManagementS&K5세부지표3,세부지표3,Project Management,S&K5,Innovation,3. 기술 및 비즈니스 융합,"시장과 서비스에 대한 이해를 바탕으로 서비스의 혁신적인 개선안을 제시하여, 기술과 비즈니스를 융합한 솔루션으로 성장을 주도한다."
Project ManagementS&K5세부지표4,세부지표4,Project Management,S&K5,Innovation,4. 성과 지속성,"지속 가능한 성과 창출을 목표로 장기적인 혁신 전략을 실행하고, 조직의 경쟁력과 성과를 지속적으로 강화한다."
Project ManagementS&K5세부지표5,세부지표5,Project Management,S&K5,Innovation,5. 미래 기술 적용,최신 기술 트렌드와 비즈니스 요구를 통합하여 혁신적인 프로젝트 관리 방식과 기술 솔루션을 도입하여 프로젝트 성공률을 극대화한다.
Project ManagementS&K4세부지표1,세부지표1,Project Management,S&K4,Providing Solutions,1. 솔루션 제시,"중장기적인 비즈니스 관점에서 프로덕트의 개선안을 제안하여, 조직의 핵심 이슈와 기술적 문제를 분석하고 해결책을 제시한다."
Project ManagementS&K4세부지표2,세부지표2,Project Management,S&K4,Providing Solutions,2. 다수 프로젝트 리딩,"조직 내 공동 목표 달성을 위해 여러 프로젝트의 Milestone을 효율적으로 관리하며, 전사적인 프로젝트를 리딩/ 완수하여 조직 성과를 극대화한다."
Project ManagementS&K4세부지표3,세부지표3,Project Management,S&K4,Providing Solutions,3. 혁신적 솔루션 적용,Global Service에 대한 확실한 이해와 전략적 의사결정 역량을 바탕으로 새로운 제도와 기술을 도입하여 문제를 해결한다.
Project ManagementS&K4세부지표4,세부지표4,Project Management,S&K4,Providing Solutions,4. Long term 프로젝트 관리,Long Term Project 전반에 걸친 계획을 수립하고 최적의 솔루션을 제안하고 프로젝트가 원활히 진행될 수 있도록 주도적으로 협의한다.
Project ManagementS&K4세부지표5,세부지표5,Project Management,S&K4,Providing Solutions,5. 지속적 개선,지속적으로 최적의 솔루션을 제안 및 협의하며 조직의 성과를 지속적으로 개선해 나간다.
Project ManagementS&K3세부지표1,세부지표1,Project Management,S&K3,Build 360 Workflow,1. 프로세스 고도화,"타 조직의 관점에서 폭넓은 시야를 가지고 효율적인 커뮤니케이션을 통해 기존 프로세스를 지속적으로 개선하고, 업무 수행의 품질을 향상시킨다."
Project ManagementS&K3세부지표2,세부지표2,Project Management,S&K3,Build 360 Workflow,2. 프로젝트 리딩,"프로덕트를 총괄하여 개발부터 라이브 런칭, 운영까지 전 과정을 리드하며, 프로젝트 흐름을 이해하고 방향성을 제시한다."
Project ManagementS&K3세부지표3,세부지표3,Project Management,S&K3,Build 360 Workflow,3. 복합적 문제해결,"독자적으로 이슈를 파악 및 생성하고, 요구사항 또는 관련 지표를 활용하여 직접적이고 효용성 있는 솔루션을 신속하게 제시하며 문제를 해결한다."
Project ManagementS&K3세부지표4,세부지표4,Project Management,S&K3,Build 360 Workflow,4. 프로젝트 관리,프로젝트에 대한 폭넓은 이해를 바탕으로 다양한 전략과 방법론을 적용하여 작업물의 품질을 향상시킨다.
Project ManagementS&K3세부지표5,세부지표5,Project Management,S&K3,Build 360 Workflow,5. 전략적 요구 대응,"유저와 비즈니스, 운영의 요구사항을 정확히 파악하고, 각 팀 간 효율적인 소통을 통해 목표를 달성하는 협업 역량을 발휘한다."
Project ManagementS&K2세부지표1,세부지표1,Project Management,S&K2,Practical Experience,1. 프로세스 이해,"Software 개발 방법론에 대한 지식을 바탕으로 필요에 따라 다양한 방법론을 시도하고, Short Term Planning Project의 계획을 실행한다."
Project ManagementS&K2세부지표2,세부지표2,Project Management,S&K2,Practical Experience,2. 업무 독립성,"체계적인 업무 수행 역량을 바탕으로, 프로젝트를 이해하고, 능동적으로 주어진 과제를 완수하여 조직의 기대에 부합하는 결과를 효과적으로 도출한다."
Project ManagementS&K2세부지표3,세부지표3,Project Management,S&K2,Practical Experience,3. 문제 해결,"주어진 이슈를 해결하기 위해 연관된 다른 이슈까지 종합적으로 검토하여 문제를 스스로 해결하고, 프로젝트의 원활한 진행을 지원한다."
Project ManagementS&K2세부지표4,세부지표4,Project Management,S&K2,Practical Experience,4. 데이터 관리,"프로젝트 진행 및 Milestone 달성을 위해 관련 문서와 이슈를 정확히 관리하고 활용하여, 프로젝트의 일관성과 품질을 유지한다."
Project ManagementS&K2세부지표5,세부지표5,Project Management,S&K2,Practical Experience,5. 분석적 사고,"할당된 작업을 정밀하게 수행할 뿐만 아니라, 과정을 더 깊이 이해하고 분석하여 개선한다."
Project ManagementS&K1세부지표1,세부지표1,Project Management,S&K1,Basic Job Knowledge,1. 기본 지식 이해,IT Software Project Management에 대한 기본 지식을 바탕으로 업무를 수행한다.
Project ManagementS&K1세부지표2,세부지표2,Project Management,S&K1,Basic Job Knowledge,2. 업무 수행,작업에 대한 전반적인 프로세스를 이해하고 기본적인 업무를 수행한다.
Project ManagementS&K1세부지표3,세부지표3,Project Management,S&K1,Basic Job Knowledge,3. 문제 보고,"프로젝트 진행 중 발생하는 문제를 적시에 보고하고, 해결책을 제시하며, 진행 상황을 명확히 보고하여 업무의 원활한 진행을 지원한다."
Project ManagementS&K1세부지표4,세부지표4,Project Management,S&K1,Basic Job Knowledge,4. 시스템 활용,"Project Management Tool, 문서 작성 Tool을 활용할 수 있다."
Project ManagementS&K1세부지표5,세부지표5,Project Management,S&K1,Basic Job Knowledge,5. 피드백 반영,"상사의 피드백을 반영하여 문서 작성과 프로젝트 관리의 완성도를 높이며, 업무 수행 절차를 지속적으로 개선한다."
Software DesignS&K6세부지표1,세부지표1,Software Design,S&K6,Global Innovator,1. 혁신적 비전 제시,"혁신적인 프로덕트를 기획하여 중장기적 기술 혁신 비전을 제시하고, 시장 전반을 확대할 수 있는 영향력을 발휘한다."
Software DesignS&K6세부지표2,세부지표2,Software Design,S&K6,Global Innovator,2. 글로벌 프로젝트 리딩,"전사 전략에 대해 시스템적 조언을 경영진에게 제공하고, 글로벌 관점에서 비즈니스 목표와 연계된 혁신적 전략을 추진하며, 글로벌 혁신 프로젝트를 리딩한다."
Software DesignS&K6세부지표3,세부지표3,Software Design,S&K6,Global Innovator,3. Global Industry Leader,"조직 내 최신 기술 동향과 기술적 노하우를 파악하여 전체에 전파하고, 기술적 비전과 프로덕트 방향을 제시하여 업계를 선도하고 글로벌 성과를 극대화한다."
Software DesignS&K6세부지표4,세부지표4,Software Design,S&K6,Global Innovator,4. 글로벌 리더십,"그룹 내 최고 기획 전문가로서 글로벌 산업을 리드하며, 글로벌 시장에서 기술과 비즈니스의 혁신을 주도한다."
Software DesignS&K6세부지표5,세부지표5,Software Design,S&K6,Global Innovator,5. 글로벌 파트너 협력,"글로벌 파트너와 협력하여 혁신적 기술 솔루션을 개발하고, 조직의 글로벌 성장을 가속화한다."
Software DesignS&K5세부지표1,세부지표1,Software Design,S&K5,Innovation,1. 혁신적 설계,"글로벌 시장에서의 기회를 분석하고, 제품 및 서비스의 글로벌 확장을 위한 포괄적이고 혁신적인 전략을 수립 및 성공적인 실행을 주도한다."
Software DesignS&K5세부지표2,세부지표2,Software Design,S&K5,Innovation,2. 시장 변화 대응,"미래 트렌드와 시장 변화에 맞춘 기술 성장을 주도하여, 변화하는 시장 요구에 부합하는 제품 및 서비스 확장 실행한다."
Software DesignS&K5세부지표3,세부지표3,Software Design,S&K5,Innovation,3. 기술 및 비즈니스 융합,"산업의 심층적 이해를 바탕으로 향후 트렌드를 예측하고, 기술과 비즈니스를 융합한 혁신 제품 개발을 통해 전략적 목표를 달성한다."
Software DesignS&K5세부지표4,세부지표4,Software Design,S&K5,Innovation,4. 성과 지속성,"지속 가능한 성과 창출을 위한 혁신적 솔루션을 제공하여, 조직이 시장에서 경쟁 우위를 유지하고 장기적인 비즈니스 가치를 창출한다."
Software DesignS&K5세부지표5,세부지표5,Software Design,S&K5,Innovation,5. 미래 기술 적용,"최신 기술 및 접근법을 도입하여 복잡한 문제를 해결하고, 미래를 대비한 최적의 솔루션을 설계하여 비즈니스 가치의 극대화한다."
Software DesignS&K4세부지표1,세부지표1,Software Design,S&K4,Providing Solutions,1. 솔루션 제시,"비즈니스 비전을 이해하고 제품의 방향성을 설정하여 조직의 기술적 문제와 이슈를 분석하고, 이를 해결할 수 있는 전략적 방향성을 제시한다."
Software DesignS&K4세부지표2,세부지표2,Software Design,S&K4,Providing Solutions,2. 다수 프로젝트 리딩,"조직 내 공동 목표 달성을 위해 여러 프로젝트의 Milestone을 효율적으로 관리하며, 전사적인 프로젝트를 리딩/ 완수하여 조직 성과를 극대화한다."
Software DesignS&K4세부지표3,세부지표3,Software Design,S&K4,Providing Solutions,3. 혁신적 솔루션 적용,Industry에 대한 심층적인 이해를 바탕으로 새로운 제도와 기술을 도입하여 전사적 차원의 성과를 창출한다.
Software DesignS&K4세부지표4,세부지표4,Software Design,S&K4,Providing Solutions,4. Long term 프로젝트 관리,Long Term Project 전반에 걸친 계획을 수립하고 최적의 솔루션을 제안하고 프로젝트가 원활히 진행될 수 있도록 주도적으로 협의한다.
Software DesignS&K4세부지표5,세부지표5,Software Design,S&K4,Providing Solutions,5. 지속적 개선,"제품 방향성을 설정한 후, 이를 기반으로 지속적인 솔루션 제공 및 개선을 주도하여 제품의 경쟁력을 높인다."
Software DesignS&K3세부지표1,세부지표1,Software Design,S&K3,Build 360 Workflow,1. 프로세스 고도화,"타 조직의 다양한 관점을 폭넓게 통합하여 기존 프로세스를 지속적으로 개선하고, 업무 수행의 품질을 향상한다."
Software DesignS&K3세부지표2,세부지표2,Software Design,S&K3,Build 360 Workflow,2. 프로젝트 리딩,프로덕트의 핵심 요소를 기획하고 스스로 검증하여 프로젝트 방향성을 제시한다.
Software DesignS&K3세부지표3,세부지표3,Software Design,S&K3,Build 360 Workflow,3. 복합적 문제해결,"기술, 프로세스 또는 전략적 의사결정 과정에서 리더십을 발휘하여 종합적 판단과 전략적 의사결정을 통해 최적의 아웃풋을 창출하고 프로젝트의 성공에 기여한다."
Software DesignS&K3세부지표4,세부지표4,Software Design,S&K3,Build 360 Workflow,4. 프로젝트 관리,프로덕트 구조에 대한 높은 이해도를 바탕으로 효율적이고 완성도 높은 설계를 수행한다.
Software DesignS&K3세부지표5,세부지표5,Software Design,S&K3,Build 360 Workflow,5. 전략적 요구 대응,비즈니스 요구와 개발 가능 범위의 접점을 찾아 요구사항을 조율한다.
Software DesignS&K2세부지표1,세부지표1,Software Design,S&K2,Practical Experience,1. 프로세스 이해,"실무 프로세스를 깊이 있게 이해하고 이를 반영한 기획 문서를 작성하여, 개발 과정에서 효율성과 생산성을 확보한다."
Software DesignS&K2세부지표2,세부지표2,Software Design,S&K2,Practical Experience,2. 업무 독립성,"체계적인 업무 수행 역량을 바탕으로, 프로젝트를 이해하고, 능동적으로 주어진 과제를 완수하여 조직의 기대에 부합하는 결과를 효과적으로 도출한다."
Software DesignS&K2세부지표3,세부지표3,Software Design,S&K2,Practical Experience,3. 문제 해결,"개발자 관점에서 이해하기 용이한 기획 문서를 작성하여, 발생 가능한 문제를 사전에 대비하고 스스로 해결함으로써 개발 과정의 효율성을 향상시킨다."
Software DesignS&K2세부지표4,세부지표4,Software Design,S&K2,Practical Experience,4. 데이터 관리,"기획 문서와 요구사항을 체계적으로 구체화하여 정리하고 활용하여, 개발자가 참고할 수 있도록 정확한 시스템 데이터를 제공한다."
Software DesignS&K2세부지표5,세부지표5,Software Design,S&K2,Practical Experience,5. 분석적 사고,"할당된 작업을 정밀하게 수행할 뿐만 아니라, 과정을 더 깊이 이해하고 비판 및 개선한다."
Software DesignS&K1세부지표1,세부지표1,Software Design,S&K1,Basic Job Knowledge,1. 기본 지식 이해,"개발 프로세스, 게임 기획에 대한 기본적인 이해를 바탕으로 업무를 수행한다."
Software DesignS&K1세부지표2,세부지표2,Software Design,S&K1,Basic Job Knowledge,2. 업무 수행,작업에 대한 전반적인 프로세스를 이해하고 기본적인 업무를 수행한다.
Software DesignS&K1세부지표3,세부지표3,Software Design,S&K1,Basic Job Knowledge,3. 문제 보고,"프로세스 중 발생하는 문제나 이슈를 적시에 보고하고, 요구사항을 명확히 반영한 해결 방안을 제시함으로써 업무의 원활한 진행을 지원한다."
Software DesignS&K1세부지표4,세부지표4,Software Design,S&K1,Basic Job Knowledge,4. 시스템 활용,"기본 시스템 및 도구를 활용하여 기획 문서를 작성하고, 요구사항을 체계적으로 관리한다."
Software DesignS&K1세부지표5,세부지표5,Software Design,S&K1,Basic Job Knowledge,5. 피드백 반영,"상사의 피드백을 반영하여 기획 문서의 완성도를 높이고, 업무 과정에서 지속적으로 개선한다."
Software EngineeringR&R6세부지표1,세부지표1,Software Engineering,R&R6,Visionary Pioneer,1. 글로벌 전략 수립,업계 트렌드와 변화에 대한 선도적 이해를 바탕으로 전사 단위 업무 및 사업의 중장기 방향성을 제시하고 글로벌 차원의 중장기 전략을 수립한다.
Software EngineeringR&R6세부지표2,세부지표2,Software Engineering,R&R6,Visionary Pioneer,2. 글로벌 리더십 발휘,Industry 내에서 영향력과 통찰력을 발휘하여 누구나 인정할 수 있는 리더십으로 글로벌 성과를 창출하고 조직을 선도한다.
Software EngineeringR&R6세부지표3,세부지표3,Software Engineering,R&R6,Visionary Pioneer,3. 혁신적 변화 주도,"전사적 프로세스의 근본적인 변화를 글로벌 파트너와 협력하여 주도하고, 최신 기술과 업계 동향을 반영하여 Industry 내에서 선구자적인 영향력을 행사한다."
Software EngineeringR&R6세부지표4,세부지표4,Software Engineering,R&R6,Visionary Pioneer,4. 전사적 프로젝트 리딩,"전사 전략에 대해 시스템적 조언을 경영진에게 제공하고, 글로벌 관점에서 비즈니스 목표와 연계된 혁신적 전략을 추진하며, 글로벌 혁신 프로젝트를 리딩한다."
Software EngineeringR&R6세부지표5,세부지표5,Software Engineering,R&R6,Visionary Pioneer,5. 글로벌 성과 극대화,업계에서 최고 수준의 혁신 성과를 달성하여 조직이 글로벌 시장에서 경쟁력을 유지하고 선도적 위치를 확보한다.
Software EngineeringR&R5세부지표1,세부지표1,Software Engineering,R&R5,Strategic Leadership Achievement,1. 전략적 리딩,"변화하는 기술 및 시장 환경에서 선제적으로 대응하는 전략적 의사결정을 통해 조직의 경쟁 우위를 지속 가능하게 확보하며, 장기적 성장과 비전 실현을 리딩한다."
Software EngineeringR&R5세부지표2,세부지표2,Software Engineering,R&R5,Strategic Leadership Achievement,2. 합리적 의사결정,다양한 직군과 직무 간 커뮤니케이션 허브 역할을 수행하여 합리적 의사결정을 촉진하며 성과를 극대화할 수 있는 합리적인 판단을 내린다.
Software EngineeringR&R5세부지표3,세부지표3,Software Engineering,R&R5,Strategic Leadership Achievement,3. 전사적 변화 주도,"조직의 장기적 전략과 비전을 실현하기 위해 전사적 변화를 주도하고, 조직 전체의 성과를 극대화하여 지속 가능한 성장을 도모한다."
Software EngineeringR&R5세부지표4,세부지표4,Software Engineering,R&R5,Strategic Leadership Achievement,4. 전사 문제해결,"전사적 차원의 복잡한 이슈를 통합적이고 종합적으로 분석하여 문제의 근본 원인을 명확히 진단하고, 장기적인 효과를 고려한 실효성 있는 해결 방안을 제시한다."
Software EngineeringR&R5세부지표5,세부지표5,Software Engineering,R&R5,Strategic Leadership Achievement,5. 단위국가 파트너 협력,"폭넓은 이해관계자와 전략적 파트너십을 형성하고, 각 분야의 특성과 목표를 통합하여 시너지를 극대화하는 성과를 창출한다."
Software EngineeringR&R4세부지표1,세부지표1,Software Engineering,R&R4,Cross Functional Achievement,1.전사 프로젝트 리딩,"효율적인 일정 조율 및 자원 배분을 통해, 그룹 내 여러 부서와 이해 관계자가 관련되어 있는 프로젝트를 주도하여 조직 내 공동 목표를 달성한다."
Software EngineeringR&R4세부지표2,세부지표2,Software Engineering,R&R4,Cross Functional Achievement,2.이해관계자 관리,"다양한 직군과의 커뮤니케이션을 통해 합리적인 의사결정을 가능하게 하고, 최적의 아웃풋을 창출한다."
Software EngineeringR&R4세부지표3,세부지표3,Software Engineering,R&R4,Cross Functional Achievement,3.부서 간 협업 조정,협업 부서의 업무를 이해하고 Cross Functional 차원의 이슈를 해결하며 부서 간 협업을 조율함으로써 큰 규모의 프로젝트를 완성한다.
Software EngineeringR&R4세부지표4,세부지표4,Software Engineering,R&R4,Cross Functional Achievement,4.성과 극대화,조직 내 공동 목표 달성을 위해 여러 프로젝트를 동시에 주도하며 효율적인 자원 배분 및 작업 방향 설계를 통해 조직 성과를 극대화한다.
Software EngineeringR&R4세부지표5,세부지표5,Software Engineering,R&R4,Cross Functional Achievement,5.복잡한 문제 해결,"다수의 이해관계자가 얽힌 복잡한 문제를 다각도로 접근하고 분석하여, 통합적인 해결 방안을 수립하고, 효과적으로 진행한다."
Software EngineeringR&R3세부지표1,세부지표1,Software Engineering,R&R3,Driving Achievement,1.목표 설정 및 달성,"서비스 방향성을 프로젝트에 접목하여 프로젝트의 목표를 설정하고, 개발 전반을 주도하며 목표를 달성하도록 개발 전반을 주도한다."
Software EngineeringR&R3세부지표2,세부지표2,Software Engineering,R&R3,Driving Achievement,2.업무 분배,"프로젝트 단위 업무 수행 시, 서비스 구조에 대한 이해를 바탕으로 산출물을 설계하고 작업을 리드하며, 팀 내 업무를 효과적으로 분배하고, 작업 일정이 준수될 수 있도록 관리한다."
Software EngineeringR&R3세부지표3,세부지표3,Software Engineering,R&R3,Driving Achievement,3.피드백 제공,"조직(팀/파트) 내에서 선임 기술자로서의 전문성을 발휘하여 기술적 방향성을 제시하고, 업무 분담 및 교육/멘토링을 통해 팀원들의 역량 개발을 주도한다."
Software EngineeringR&R3세부지표4,세부지표4,Software Engineering,R&R3,Driving Achievement,4.성과 모니터링,업무 과정과 비용에 대한 깊은 이해를 토대로 할당된 작업을 지속적으로 모니터링 및 개선하여 담당 조직의 성과를 도출한다.
Software EngineeringR&R3세부지표5,세부지표5,Software Engineering,R&R3,Driving Achievement,5.지속적 성과 창출,"프로젝트 리딩과 구성원 매니지먼트를 통해 지속 가능한 성과를 창출하고, 장기적 성과 관리를 유지하며 팀의 성장을 지원한다."
Software EngineeringR&R2세부지표1,세부지표1,Software Engineering,R&R2,Collaboration,1.자기주도성,"독립적으로 기능을 개발하고 이슈를 처리하며, 리팩토링 및 애플리케이션 개발을 수행하여 능동적으로 주어진 업무를 자율적으로 진행한다."
Software EngineeringR&R2세부지표2,세부지표2,Software Engineering,R&R2,Collaboration,2.프로젝트수행,"기획 의도를 이해하고, 담당 업무에 대해 동료들이 납득할 수 있는 본인의 일정을 제시, 관리하며 작업을 마무리한다."
Software EngineeringR&R2세부지표3,세부지표3,Software Engineering,R&R2,Collaboration,3.논리적 문제 해결,기획 의도를 정확히 파악하고 논리적 근거에 기반해 문제 해결책을 제시한다.
Software EngineeringR&R2세부지표4,세부지표4,Software Engineering,R&R2,Collaboration,4.부서 간 협력,"협업하는 팀과 다른 팀/파트의 기능과 프로세스를 이해하고, 여러 부서와 협력하여 업무를 효율적으로 조율하며 성과를 창출한다."
Software EngineeringR&R2세부지표5,세부지표5,Software Engineering,R&R2,Collaboration,5.소통 및 조율,다른 팀과의 소통을 통해 협업 부서의 목표와 목적을 이해하며 조율하여 업무 흐름을 최적화한다.
Software EngineeringR&R1세부지표1,세부지표1,Software Engineering,R&R1,Ownership,1.역할 충실 수행,"주어진 업무의 목적과 방향을 이해하고, 지시에 따라 성실히 수행하여 업무를 완수한다."
Software EngineeringR&R1세부지표2,세부지표2,Software Engineering,R&R1,Ownership,2.기본 문제 해결,"문제를 해결하기 위해 지침을 참고하여 적극적으로 문제해결을 시도하며, 필요 시 상사에게 해결방법에 대한 조언을 구한다."
Software EngineeringR&R1세부지표3,세부지표3,Software Engineering,R&R1,Ownership,3. 목표 이해 및 성과 달성,"주어진 업무 지침과 프로세스를 따라 효율적으로 업무를 수행하고, 기한 내에 담당 업무를 완수하여 정해진 목표를 달성한다."
Software EngineeringR&R1세부지표4,세부지표4,Software Engineering,R&R1,Ownership,4. 협조적인 태도,"팀원과 긴밀히 협력하며, 필요 시 적극적으로 도움을 요청하거나 지원을 제공하여 공동의 목표 달성을 촉진한다."
Software EngineeringR&R1세부지표5,세부지표5,Software Engineering,R&R1,Ownership,5. 자발적인 학습능력,"조직(파트/팀) 내 가이드 문서를 토대로 개발 환경과 도메인 지식을 빠르게 습득하여 업무를 이해하고, 지속적으로 학습하여 업무 완성도를 높인다"
AdministrationR&R6세부지표1,세부지표1,Administration,R&R6,Visionary Pioneer,1. 글로벌 전략 수립,업계 트렌드와 변화에 대한 선도적 이해를 바탕으로 전사 단위 업무 및 사업의 중장기 방향성을 제시하고 글로벌 차원의 중장기 전략을 수립한다.
AdministrationR&R6세부지표2,세부지표2,Administration,R&R6,Visionary Pioneer,2. 글로벌 리더십 발휘,Industry 내에서 영향력과 통찰력을 발휘하여 누구나 인정할 수 있는 리더십으로 글로벌 성과를 창출하고 조직을 선도한다.
AdministrationR&R6세부지표3,세부지표3,Administration,R&R6,Visionary Pioneer,3. 혁신적 변화 주도,"전사적 프로세스의 근본적인 변화를 글로벌 파트너와 협력하여 주도하고, 최신 기술과 업계 동향을 반영하여 Industry 내에서 선구자적인 영향력을 행사한다."
AdministrationR&R6세부지표4,세부지표4,Administration,R&R6,Visionary Pioneer,4. 전사적 프로젝트 리딩,"전사 전략에 대해 시스템적 조언을 경영진에게 제공하고, 글로벌 관점에서 비즈니스 목표와 연계된 혁신적 전략을 추진하며, 글로벌 혁신 프로젝트를 리딩한다."
AdministrationR&R6세부지표5,세부지표5,Administration,R&R6,Visionary Pioneer,5. 글로벌 성과 극대화,"업계 최고 수준의 전문 역량을 바탕으로 중요한 영향력을 행사하여, 다양한 산업에서 혁신 성과를 달성하고 그룹의 선도적 위치를 강화시킨다."
AdministrationR&R5세부지표1,세부지표1,Administration,R&R5,Strategic Leadership Achievement,1. 전략적 리딩,"변화하는 기술 및 시장 환경에서 선제적으로 대응하는 전략적 의사결정을 통해 조직의 경쟁 우위를 지속 가능하게 확보하며, 장기적 성장과 비전 실현을 리딩한다."
AdministrationR&R5세부지표2,세부지표2,Administration,R&R5,Strategic Leadership Achievement,2. 합리적 의사결정,다양한 직군과 직무 간 커뮤니케이션 허브 역할을 수행하여 합리적 의사결정을 촉진하며 성과를 극대화할 수 있는 합리적인 판단을 내린다.
AdministrationR&R5세부지표3,세부지표3,Administration,R&R5,Strategic Leadership Achievement,3. 전사적 변화 주도,"조직의 장기적 전략과 비전을 실현하기 위해 전사적 변화를 주도하고, 조직 전체의 성과를 극대화하여 지속 가능한 성장을 도모한다."
AdministrationR&R5세부지표4,세부지표4,Administration,R&R5,Strategic Leadership Achievement,4. 전사 문제해결,"전사적 차원의 복잡한 이슈를 통합적이고 종합적으로 분석하여 문제의 근본 원인을 명확히 진단하고, 장기적인 효과를 고려한 실효성 있는 해결 방안을 제시한다."
AdministrationR&R5세부지표5,세부지표5,Administration,R&R5,Strategic Leadership Achievement,5. 단위국가 파트너 협력,"폭넓은 이해관계자와 전략적 파트너십을 형성하고, 각 분야의 특성과 목표를 통합하여 시너지를 극대화하는 성과를 창출한다."
AdministrationR&R4세부지표1,세부지표1,Administration,R&R4,Cross Functional Achievement,1.전사 프로젝트 리딩,조직 내 공동 목표 달성을 위해 여러 프로젝트의 Milestone을 효율적으로 관리한다.
AdministrationR&R4세부지표2,세부지표2,Administration,R&R4,Cross Functional Achievement,2.이해관계자 관리,"다양한 직군과의 커뮤니케이션을 통해 합리적인 의사결정을 가능하게 하고, 조직 내외부의 이해관계자를 효과적으로 관리하여 협력을 도출한다."
AdministrationR&R4세부지표3,세부지표3,Administration,R&R4,Cross Functional Achievement,3.부서 간 협업 조정,"조직 내/외부 커뮤니케이션을 리딩하여 부서 간 협업을 조율하며, 각 부서 간 업무 조정을 통해 목표 달성에 기여한다."
AdministrationR&R4세부지표4,세부지표4,Administration,R&R4,Cross Functional Achievement,4.성과 극대화,조직 내 공동 목표 달성을 위해 여러 프로젝트를 동시에 주도하며 효율적인 자원 배분을 통해 전사적 성과를 극대화한다.
AdministrationR&R4세부지표5,세부지표5,Administration,R&R4,Cross Functional Achievement,5.복잡한 문제 해결,"다수의 이해관계자가 얽힌 복잡한 문제를 다각도로 접근하고 분석하여, 통합적인 해결 방안을 수립하고, 효과적으로 이행한다."
AdministrationR&R3세부지표1,세부지표1,Administration,R&R3,Driving Achievement,1.목표 설정 및 달성,특정 단일 프로젝트의 리더로서 전반적인 기획과 작업을 리드하여 팀/파트의 목표를 설정하고 달성하도록 주도한다.
AdministrationR&R3세부지표2,세부지표2,Administration,R&R3,Driving Achievement,2.업무 분배,"프로젝트 단위 업무 수행 시, 관련 커뮤니케이션을 리딩하고 구성원들에게 업무를 효과적으로 분배하고, 작업 일정이 준수될 수 있도록 관리한다."
AdministrationR&R3세부지표3,세부지표3,Administration,R&R3,Driving Achievement,3.피드백 제공,작업된 결과들에 대한 구조적인 디테일 부분에서 건설적인 피드백 및 개선 방향성을 제시한다.
AdministrationR&R3세부지표4,세부지표4,Administration,R&R3,Driving Achievement,4.성과 모니터링,할당된 작업을 정밀하게 수행하고 과정을 깊이 이해하며 분석하여 개선 사항을 모니터링함으로써 성과를 강화한다.
AdministrationR&R3세부지표5,세부지표5,Administration,R&R3,Driving Achievement,5.지속적 성과 창출,"조직이 필요로 하는 업무 과제를 스스로 판단하여 계획하고 실행함으로써, 팀의 구조 효율성을 높이고 지속 가능한 성과를 창출한다."
AdministrationR&R2세부지표1,세부지표1,Administration,R&R2,Collaboration,1.자기주도성,"조직(팀/파트) 업무 전반에 대한 높은 이해를 바탕으로 새로운 업무와 변수에 유연하게 대응하며, 지시 없이도 주어진 업무를 독립적으로 수행한다."
AdministrationR&R2세부지표2,세부지표2,Administration,R&R2,Collaboration,2.프로젝트수행,"기획 의도를 이해하고, 개발자와 합리적인 일정을 도출하여 작업을 마무리한다."
AdministrationR&R2세부지표3,세부지표3,Administration,R&R2,Collaboration,3.논리적 문제 해결,"적절한 논리와 근거자료를 제시하여 관련 구성원들과 협업하며, 문제 해결 시 논리적인 접근과 해결책을 제시한다."
AdministrationR&R2세부지표4,세부지표4,Administration,R&R2,Collaboration,4.부서 간 협력,"유관부서와 원활한 커뮤니케이션을 통해 업무를 수행하며, 여러 부서와 업무를 효율적으로 조율한다."
AdministrationR&R2세부지표5,세부지표5,Administration,R&R2,Collaboration,5.소통 및 조율,업무 프로세스 및 관련 문서의 일관성을 유지하고 표준화된 양식을 사용하여 부서 간의 원활한 소통과 조율을 지원한다.
AdministrationR&R1세부지표1,세부지표1,Administration,R&R1,Ownership,1.역할 충실 수행,"주어진 업무의 목적과 방향을 이해하고, 지시에 따라 성실히 수행하여 업무를 완수한다."
AdministrationR&R1세부지표2,세부지표2,Administration,R&R1,Ownership,2.기본 문제 해결,"직면한 문제에 대해 자율적으로 해결을 시도하며, 필요 시 상사에게 보고하여 효율적인 문제 해결을 지원한다."
AdministrationR&R1세부지표3,세부지표3,Administration,R&R1,Ownership,3. 목표 이해 및 성과 달성,"주어진 기한 내에 담당 업무를 완수하여 정해진 목표를 충실히 달성하고, 업무의 완성도를 향상시킨다."
AdministrationR&R1세부지표4,세부지표4,Administration,R&R1,Ownership,4. 협조적인 태도,"팀원과 긴밀히 협력하며, 필요 시 적극적으로 도움을 요청하거나 지원을 제공하여 공동의 목표 달성을 촉진한다."
AdministrationR&R1세부지표5,세부지표5,Administration,R&R1,Ownership,5. 자발적인 학습능력,"이해가 부족한 사항에 대해 적극적으로 문의하며, 필요한 역량을 자발적으로 습득해 업무 완성도를 높인다."
SoundR&R6세부지표1,세부지표1,Sound,R&R6,Visionary Pioneer,1. 글로벌 전략 수립,업계 트렌드와 변화에 대한 선도적 이해를 바탕으로 전사 단위 업무 및 사업의 중장기 방향성을 제시하고 글로벌 차원의 중장기 전략을 수립한다.
SoundR&R6세부지표2,세부지표2,Sound,R&R6,Visionary Pioneer,2. 글로벌 리더십 발휘,Industry 내에서 영향력과 통찰력을 발휘하여 누구나 인정할 수 있는 리더십으로 글로벌 성과를 창출하고 조직을 선도한다.
SoundR&R6세부지표3,세부지표3,Sound,R&R6,Visionary Pioneer,3. 혁신적 변화 주도,"전사적 프로세스의 근본적인 변화를 글로벌 파트너와 협력하여 주도하고, 최신 기술과 업계 동향을 반영하여 Industry 내에서 선구자적인 영향력을 행사한다."
SoundR&R6세부지표4,세부지표4,Sound,R&R6,Visionary Pioneer,4. 전사적 프로젝트 리딩,"전사 전략에 대해 시스템적 조언을 경영진에게 제공하고, 글로벌 관점에서 비즈니스 목표와 연계된 혁신적 전략을 추진하며, 글로벌 혁신 프로젝트를 리딩한다."
SoundR&R6세부지표5,세부지표5,Sound,R&R6,Visionary Pioneer,5. 글로벌 성과 극대화,업계 최고 수준의 혁신 성과를 달성하여 조직이 글로벌 사운드 산업에서 표준을 제시하는 선도적 위치를 확립한다.
SoundR&R5세부지표1,세부지표1,Sound,R&R5,Strategic Leadership Achievement,1. 전략적 리딩,"변화하는 기술 및 시장 환경에서 선제적으로 대응하는 전략적 의사결정을 통해 조직의 경쟁 우위를 지속 가능하게 확보하며, 장기적 성장과 비전 실현을 리딩한다."
SoundR&R5세부지표2,세부지표2,Sound,R&R5,Strategic Leadership Achievement,2. 합리적 의사결정,다양한 직군과 직무 간 커뮤니케이션 허브 역할을 수행하여 합리적 의사결정을 촉진하며 성과를 극대화할 수 있는 합리적인 판단을 내린다.
SoundR&R5세부지표3,세부지표3,Sound,R&R5,Strategic Leadership Achievement,3. 전사적 변화 주도,"조직의 장기적 전략과 비전을 실현하기 위해 전사적 변화를 주도하고, 조직 전체의 성과를 극대화하여 지속 가능한 성장을 도모한다."
SoundR&R5세부지표4,세부지표4,Sound,R&R5,Strategic Leadership Achievement,4. 전사 문제해결,"전사적 차원의 복잡한 이슈를 통합적이고 종합적으로 분석하여 문제의 근본 원인을 명확히 진단하고, 장기적인 효과를 고려한 실효성 있는 해결 방안을 제시한다."
SoundR&R5세부지표5,세부지표5,Sound,R&R5,Strategic Leadership Achievement,5. 단위국가 파트너 협력,"폭넓은 이해관계자와 전략적 파트너십을 형성하고, 각 분야의 특성과 목표를 통합하여 시너지를 극대화하는 성과를 창출한다."
SoundR&R4세부지표1,세부지표1,Sound,R&R4,Cross Functional Achievement,1.전사 프로젝트 리딩,다수의 프로덕트가 포함된 프로젝트의 방향성을 제시하고 Milestone을 효율적으로 관리한다.
SoundR&R4세부지표2,세부지표2,Sound,R&R4,Cross Functional Achievement,2.이해관계자 관리,"다양한 직군과의 커뮤니케이션을 통해 합리적인 의사결정을 가능하게 하고, 최적의 아웃풋을 창출한다."
SoundR&R4세부지표3,세부지표3,Sound,R&R4,Cross Functional Achievement,3.부서 간 협업 조정,협업 부서의 업무를 이해하고 Cross Functional 차원의 이슈를 해결하며 부서 간 협업을 조율함으로써 큰 규모의 프로젝트를 완성한다.
SoundR&R4세부지표4,세부지표4,Sound,R&R4,Cross Functional Achievement,4.성과 극대화,조직 내 공동 목표 달성을 위해 여러 프로젝트를 동시에 주도하며 효율적인 자원 배분을 통해 전사적 성과를 극대화한다.
SoundR&R4세부지표5,세부지표5,Sound,R&R4,Cross Functional Achievement,5.복잡한 문제 해결,"다수의 이해관계자가 얽힌 복잡한 문제를 다각도로 접근하고 분석하여, 통합적인 해결 방안을 수립하고, 효과적으로 이행한다."
SoundR&R3세부지표1,세부지표1,Sound,R&R3,Driving Achievement,1.목표 설정 및 달성,게임 구조를 깊이 이해하고 산출물을 설계하여 팀/파트의 목표를 설정하고 달성하도록 작업을 주도한다.
SoundR&R3세부지표2,세부지표2,Sound,R&R3,Driving Achievement,2.업무 분배,"프로젝트 단위 업무 수행 시, 관련 커뮤니케이션을 리딩하고 구성원들에게 업무를 효과적으로 분배하고, 작업 일정이 준수될 수 있도록 관리한다."
SoundR&R3세부지표3,세부지표3,Sound,R&R3,Driving Achievement,3.피드백 제공,작업된 결과들에 대한 구조적 디테일 부분에서 건설적인 피드백 및 개선 방향성을 제시한다.
SoundR&R3세부지표4,세부지표4,Sound,R&R3,Driving Achievement,4.성과 모니터링,할당된 작업을 정밀하게 수행하고 과정을 깊이 이해하며 분석하여 개선 사항을 모니터링함으로써 성과를 강화한다.
SoundR&R3세부지표5,세부지표5,Sound,R&R3,Driving Achievement,5.지속적 성과 창출,"팀의 작업 일정을 준수하도록 매니지먼트를 통해 지속 가능한 성과를 창출하고 관리하며, 팀의 전반적인 성과와 발전을 지원한다."
SoundR&R2세부지표1,세부지표1,Sound,R&R2,Collaboration,1.자기주도성,"게임 기획 방향을 올바르게 이해하고, 지시 없이 적합한 리소스를 독립적으로 제작하며, 방향에 맞는 시안을 개발한다."
SoundR&R2세부지표2,세부지표2,Sound,R&R2,Collaboration,2.프로젝트수행,"기획 의도를 이해하고, 개발자와 합리적인 일정을 도출하여 작업을 마무리한다."
SoundR&R2세부지표3,세부지표3,Sound,R&R2,Collaboration,3.논리적 문제 해결,"객관적이고 논리적인 자료를 기반으로 구성원 및 협업 부서와 소통하며, 업무를 수행하고 문제를 해결할 수 있는 합리적인 방안을 제시한다."
SoundR&R2세부지표4,세부지표4,Sound,R&R2,Collaboration,4.부서 간 협력,"협업하는 팀과 다른 팀/파트의 기능과 프로세스를 이해하고, 여러 부서와 협력하여 업무를 효율적으로 조율한다."
SoundR&R2세부지표5,세부지표5,Sound,R&R2,Collaboration,5.소통 및 조율,업무 프로세스 및 관련 문서의 일관성을 유지하고 표준화된 양식을 사용하여 부서 간의 원활한 소통과 조율을 지원한다.
SoundR&R1세부지표1,세부지표1,Sound,R&R1,Ownership,1.역할 충실 수행,"주어진 업무의 목적과 방향을 이해하고, 지시에 따라 성실히 수행하여 업무를 완수한다."
SoundR&R1세부지표2,세부지표2,Sound,R&R1,Ownership,2.기본 문제 해결,"직면한 문제에 대해 해결을 시도하며, 상사에게 보고하여 효율적인 문제 해결을 지원한다"
SoundR&R1세부지표3,세부지표3,Sound,R&R1,Ownership,3. 목표 이해 및 성과 달성,"주어진 기한 내에 담당 업무를 완수하여 정해진 목표를 충실히 달성하고, 업무의 완성도를 향상시킨다."
SoundR&R1세부지표4,세부지표4,Sound,R&R1,Ownership,4. 협조적인 태도,"팀원과 긴밀히 협력하며, 필요 시 적극적으로 도움을 요청하거나 지원을 제공하여 공동의 목표 달성을 촉진한다."
SoundR&R1세부지표5,세부지표5,Sound,R&R1,Ownership,5. 자발적인 학습능력,"이해가 부족한 사항에 대해 적극적으로 문의하며, 필요한 역량을 자발적으로 습득해 업무 완성도를 높인다."
OperationsR&R6세부지표1,세부지표1,Operations,R&R6,Visionary Pioneer,1. 글로벌 전략 수립,업계 트렌드와 변화에 대한 선도적 이해를 바탕으로 전사 단위 업무 및 사업의 중장기 방향성을 제시하고 글로벌 차원의 중장기 전략을 수립한다.
OperationsR&R6세부지표2,세부지표2,Operations,R&R6,Visionary Pioneer,2. 글로벌 리더십 발휘,Industry 내에서 영향력과 통찰력을 발휘하여 누구나 인정할 수 있는 리더십으로 글로벌 성과를 창출하고 조직을 선도한다.
OperationsR&R6세부지표3,세부지표3,Operations,R&R6,Visionary Pioneer,3. 혁신적 변화 주도,"전사적 프로세스의 근본적인 변화를 글로벌 파트너와 협력하여 주도하고, 최신 기술과 업계 동향을 반영하여 Industry 내에서 선구자적인 영향력을 행사한다."
OperationsR&R6세부지표4,세부지표4,Operations,R&R6,Visionary Pioneer,4. 전사적 프로젝트 리딩,"전사 전략에 대해 시스템적 조언을 경영진에게 제공하고, 글로벌 관점에서 비즈니스 목표와 연계된 혁신적 전략을 추진하며, 글로벌 혁신 프로젝트를 리딩한다."
OperationsR&R6세부지표5,세부지표5,Operations,R&R6,Visionary Pioneer,5. 글로벌 성과 극대화,업계 최고 수준의 혁신 성과를 달성하여 조직이 글로벌 시장에서 표준을 제시하는 선도적 위치를 확립한다.
OperationsR&R5세부지표1,세부지표1,Operations,R&R5,Strategic Leadership Achievement,1. 전략적 리딩,"변화하는 기술 및 시장 환경에서 선제적으로 대응하는 전략적 의사결정을 통해 조직의 경쟁 우위를 지속 가능하게 확보하며, 장기적 성장과 비전 실현을 리딩한다."
OperationsR&R5세부지표2,세부지표2,Operations,R&R5,Strategic Leadership Achievement,2. 합리적 의사결정,다양한 직군과 직무 간 커뮤니케이션 허브 역할을 수행하여 합리적 의사결정을 촉진하며 성과를 극대화할 수 있는 합리적인 판단을 내린다.
OperationsR&R5세부지표3,세부지표3,Operations,R&R5,Strategic Leadership Achievement,3. 전사적 변화 주도,"조직의 장기적 전략과 비전을 실현하기 위해 전사적 변화를 주도하고, 조직 전체의 성과를 극대화하여 지속 가능한 성장을 도모한다."
OperationsR&R5세부지표4,세부지표4,Operations,R&R5,Strategic Leadership Achievement,4. 전사 문제해결,"전사적 차원의 복잡한 이슈를 통합적이고 종합적으로 분석하여 문제의 근본 원인을 명확히 진단하고, 장기적인 효과를 고려한 실효성 있는 해결 방안을 제시한다."
OperationsR&R5세부지표5,세부지표5,Operations,R&R5,Strategic Leadership Achievement,5. 단위국가 파트너 협력,"폭넓은 이해관계자와 전략적 파트너십을 형성하고, 각 분야의 특성과 목표를 통합하여 시너지를 극대화하는 성과를 창출한다."
OperationsR&R4세부지표1,세부지표1,Operations,R&R4,Cross Functional Achievement,1.전사 프로젝트 리딩,조직 내 공동 목표 달성을 위해 여러 프로젝트의 Milestone을 효율적으로 관리한다.
OperationsR&R4세부지표2,세부지표2,Operations,R&R4,Cross Functional Achievement,2.이해관계자 관리,"다양한 직군과의 커뮤니케이션을 통해 합리적인 의사결정을 가능하게 하고, 최적의 아웃풋을 창출한다."
OperationsR&R4세부지표3,세부지표3,Operations,R&R4,Cross Functional Achievement,3.부서 간 협업 조정,협업 부서의 업무를 이해하고 Cross Functional 차원의 이슈를 해결하며 부서 간 협업을 조율함으로써 큰 규모의 프로젝트를 완성한다.
OperationsR&R4세부지표4,세부지표4,Operations,R&R4,Cross Functional Achievement,4.성과 극대화,조직 내 공동 목표 달성을 위해 여러 프로젝트를 동시에 주도하며 효율적인 자원 배분을 통해 전사적 성과를 극대화한다.
OperationsR&R4세부지표5,세부지표5,Operations,R&R4,Cross Functional Achievement,5.복잡한 문제 해결,"다수의 이해관계자가 얽힌 복잡한 문제를 다각도로 접근하고 분석하여, 통합적인 해결 방안을 수립하고, 효과적으로 이행한다."
OperationsR&R3세부지표1,세부지표1,Operations,R&R3,Driving Achievement,1.목표 설정 및 달성,"전반적인 포커 및 카지노 동향에 대한 이해를 바탕으로 팀/파트의 목표를 설정하고, 각 프로젝트의 기획, 진행, 후처리 단계를 책임지고 주도한다."
OperationsR&R3세부지표2,세부지표2,Operations,R&R3,Driving Achievement,2.업무 분배,"프로젝트 단위 업무 수행 시, 관련 커뮤니케이션을 리딩하고 구성원들에게 업무를 효과적으로 분배하고, 작업 일정이 준수될 수 있도록 관리한다."
OperationsR&R3세부지표3,세부지표3,Operations,R&R3,Driving Achievement,3.피드백 제공,작업된 결과들에 대한 구조적 디테일 부분에서 건설적인 피드백 및 개선 방향성을 제시하여 성과 향상 및 팀의 발전을 도모한다.
OperationsR&R3세부지표4,세부지표4,Operations,R&R3,Driving Achievement,4.성과 모니터링,"할당된 작업을 정밀하게 수행하고 과정을 깊이 이해하며 개선 사항을 전략적으로 분석하여, 성과를 지속적으로 모니터링하고 발전시킨다."
OperationsR&R3세부지표5,세부지표5,Operations,R&R3,Driving Achievement,5.지속적 성과 창출,"멘토링을 통해 구성원들의 커리어 개발을 지원하고 방향성을 제시하며, 지속 가능한 성과를 창출하고 조직의 성장을 도모한다."
OperationsR&R2세부지표1,세부지표1,Operations,R&R2,Collaboration,1.자기주도성,"조직(팀/파트) 업무 전반에 대한 높은 이해를 바탕으로 새로운 업무와 변수에 유연하게 대응하며, 지시 없이 주어진 업무를 독립적으로 수행한다."
OperationsR&R2세부지표2,세부지표2,Operations,R&R2,Collaboration,2.프로젝트수행,"기획 의도를 이해하고, 개발자와 합리적인 일정을 도출하여 작업을 마무리한다."
OperationsR&R2세부지표3,세부지표3,Operations,R&R2,Collaboration,3.논리적 문제 해결,"기획 의도를 정확히 파악하고, 논리적 근거에 기반해 문제 해결책을 제시한다."
OperationsR&R2세부지표4,세부지표4,Operations,R&R2,Collaboration,4.부서 간 협력,"협업하는 팀과 다른 팀/파트의 기능과 프로세스를 이해하고, 여러 부서와 협력하여 업무를 효율적으로 조율한다."
OperationsR&R2세부지표5,세부지표5,Operations,R&R2,Collaboration,5.소통 및 조율,다른 팀과의 소통을 통해 협업 부서의 목표와 목적을 이해하며 조율하여 업무 흐름을 최적화한다.
OperationsR&R1세부지표1,세부지표1,Operations,R&R1,Ownership,1.역할 충실 수행,"주어진 업무의 목적과 방향을 이해하고, 지시에 따라 성실히 수행하여 업무를 완수한다."
OperationsR&R1세부지표2,세부지표2,Operations,R&R1,Ownership,2.기본 문제 해결,"직면한 문제에 대해 자율적으로 해결을 시도하며, 필요 시 상사에게 보고하여 효율적인 문제 해결을 지원한다."
OperationsR&R1세부지표3,세부지표3,Operations,R&R1,Ownership,3. 목표 이해 및 성과 달성,"고객에 제공되는 Gaming 지식을 바탕으로 정확한 정보를 제공하고, 기한내에 정해진 목표를 충실히 달성하고 업무의 완성도를 향상시킨다."
OperationsR&R1세부지표4,세부지표4,Operations,R&R1,Ownership,4. 협조적인 태도,"팀원과 긴밀히 협력하며, 필요 시 적극적으로 도움을 요청하거나 지원을 제공하여 공동의 목표 달성을 촉진한다."
OperationsR&R1세부지표5,세부지표5,Operations,R&R1,Ownership,5. 자발적인 학습능력,"이해가 부족한 사항에 대해 적극적으로 문의하며, 필요한 역량을 자발적으로 습득해 업무 완성도를 높인다."
MarketingR&R6세부지표1,세부지표1,Marketing,R&R6,Visionary Pioneer,1. 글로벌 전략 수립,업계 트렌드와 변화에 대한 선도적 이해를 바탕으로 전사 단위 업무 및 사업의 중장기 방향성을 제시하고 글로벌 차원의 중장기 전략을 수립한다.
MarketingR&R6세부지표2,세부지표2,Marketing,R&R6,Visionary Pioneer,2. 글로벌 리더십 발휘,Industry 내에서 영향력과 통찰력을 발휘하여 누구나 인정할 수 있는 리더십으로 글로벌 성과를 창출하고 조직을 선도한다.
MarketingR&R6세부지표3,세부지표3,Marketing,R&R6,Visionary Pioneer,3. 혁신적 변화 주도,"전사적 프로세스의 근본적인 변화를 글로벌 파트너와 협력하여 주도하고, 최신 기술과 업계 동향을 반영하여 Industry 내에서 선구자적인 영향력을 행사한다."
MarketingR&R6세부지표4,세부지표4,Marketing,R&R6,Visionary Pioneer,4. 전사적 프로젝트 리딩,"전사 전략에 대해 시스템적 조언을 경영진에게 제공하고, 글로벌 관점에서 비즈니스 목표와 연계된 혁신적 전략을 추진하며, 글로벌 혁신 프로젝트를 리딩한다."
MarketingR&R6세부지표5,세부지표5,Marketing,R&R6,Visionary Pioneer,5. 글로벌 성과 극대화,업계에서 최고 수준의 혁신 성과를 달성하여 조직이 글로벌 시장에서 경쟁력을 유지하고 선도적 위치를 확보한다.
MarketingR&R5세부지표1,세부지표1,Marketing,R&R5,Strategic Leadership Achievement,1. 전략적 리딩,"변화하는 기술 및 시장 환경에서 선제적으로 대응하는 전략적 의사결정을 통해 조직의 경쟁 우위를 지속 가능하게 확보하며, 장기적 성장과 비전 실현을 리딩한다."
MarketingR&R5세부지표2,세부지표2,Marketing,R&R5,Strategic Leadership Achievement,2. 합리적 의사결정,다양한 직군과 직무 간 커뮤니케이션 허브 역할을 수행하여 합리적 의사결정을 촉진하며 성과를 극대화할 수 있는 합리적인 판단을 내린다.
MarketingR&R5세부지표3,세부지표3,Marketing,R&R5,Strategic Leadership Achievement,3. 전사적 변화 주도,"조직의 장기적 전략과 비전을 실현하기 위해 전사적 변화를 주도하고, 조직 전체의 성과를 극대화하여 지속 가능한 성장을 도모한다."
MarketingR&R5세부지표4,세부지표4,Marketing,R&R5,Strategic Leadership Achievement,4. 전사 문제해결,"전사적 차원의 복잡한 이슈를 통합적이고 종합적으로 분석하여 문제의 근본 원인을 명확히 진단하고, 장기적인 효과를 고려한 실효성 있는 해결 방안을 제시한다."
MarketingR&R5세부지표5,세부지표5,Marketing,R&R5,Strategic Leadership Achievement,5. 단위국가 파트너 협력,"폭넓은 이해관계자와 전략적 파트너십을 형성하고, 각 분야의 특성과 목표를 통합하여 시너지를 극대화하는 성과를 창출한다."
MarketingR&R4세부지표1,세부지표1,Marketing,R&R4,Cross Functional Achievement,1.전사 프로젝트 리딩,다수의 프로덕트가 포함된 프로젝트에 대한 방향성을 제시하고 Milestone을 효율적으로 관리한다.
MarketingR&R4세부지표2,세부지표2,Marketing,R&R4,Cross Functional Achievement,2.이해관계자 관리,"다양한 직군과의 커뮤니케이션을 통해 합리적인 의사결정을 가능하게 하고, 최적의 아웃풋을 창출한다."
MarketingR&R4세부지표3,세부지표3,Marketing,R&R4,Cross Functional Achievement,3.부서 간 협업 조정,협업 부서의 업무를 이해하고 Cross Functional 차원의 이슈를 해결하며 부서 간 협업을 조율함으로써 큰 규모의 프로젝트를 완성한다.
MarketingR&R4세부지표4,세부지표4,Marketing,R&R4,Cross Functional Achievement,4.성과 극대화,조직 내 공동 목표 달성을 위해 여러 프로젝트를 동시에 주도하며 효율적인 자원 배분을 통해 전사적 성과를 극대화한다.
MarketingR&R4세부지표5,세부지표5,Marketing,R&R4,Cross Functional Achievement,5.복잡한 문제 해결,"다수의 이해관계자가 얽힌 복잡한 문제를 다각도로 접근하고 분석하여, 통합적인 해결 방안을 수립하고, 효과적으로 이행한다."
MarketingR&R3세부지표1,세부지표1,Marketing,R&R3,Driving Achievement,1.목표 설정 및 달성,특정 단일 프로젝트의 리더로서 전반적인 기획과 개발을 주도하여 팀/파트의 목표를 설정한다.
MarketingR&R3세부지표2,세부지표2,Marketing,R&R3,Driving Achievement,2.업무 분배,"프로젝트 단위 업무 수행 시, 관련 커뮤니케이션을 리딩하고 구성원들에게 업무를 효과적으로 분배하고, 작업 일정이 준수될 수 있도록 관리한다."
MarketingR&R3세부지표3,세부지표3,Marketing,R&R3,Driving Achievement,3.피드백 제공,작업된 결과들에 대한 구조적 디테일 부분에서 건설적인 피드백 및 개선 방향성을 제시하여 생산성 향상 및 조직 성과 향상을 지원한다.
MarketingR&R3세부지표4,세부지표4,Marketing,R&R3,Driving Achievement,4.성과 모니터링,"할당된 작업을 정밀하게 수행하고, 과정을 깊이 이해하고 분석하여 개선 사항을 지속적으로 모니터링함으로써 성과를 강화한다."
MarketingR&R3세부지표5,세부지표5,Marketing,R&R3,Driving Achievement,5.지속적 성과 창출,"조직이 필요로 하는 업무 과제를 스스로 판단하여 계획하고 실행함으로써, 팀의 구조 효율성을 높이고 지속 가능한 성과를 창출한다."
MarketingR&R2세부지표1,세부지표1,Marketing,R&R2,Collaboration,1.자기주도성,"다양한 마케팅 채널(e.g. Social media, Search engine, Community platform, Paid media, Branded contents, etc.)을 활용한 광고/콘텐츠 전략을 수립하고 수행한다."
MarketingR&R2세부지표2,세부지표2,Marketing,R&R2,Collaboration,2.프로젝트수행,"기획 의도를 이해하고, 담당 업무에 대해 동료들이 납득할 수 있는 본인의 일정을 제시, 관리하여 작업을 마무리한다."
MarketingR&R2세부지표3,세부지표3,Marketing,R&R2,Collaboration,3.논리적 문제 해결,"객관적이고 논리적인 자료를 기반으로 구성원 및 협업 부서와 소통하며, 업무를 수행하고 문제를 해결할 수 있는 합리적인 방안을 제시하며 업무 품질을 향상시킨다."
MarketingR&R2세부지표4,세부지표4,Marketing,R&R2,Collaboration,4.부서 간 협력,"협업하는 팀과 다른 팀/파트의 기능과 프로세스를 이해하고, 여러 부서와 협력하여 업무를 효율적으로 조율한다."
MarketingR&R2세부지표5,세부지표5,Marketing,R&R2,Collaboration,5.소통 및 조율,"프로젝트를 주도적으로 인지하고 필요한 작업을 찾아 처리하며, 부서 간 소통을 통해 업무를 조율하고 전체적인 목표 달성에 기여한다."
MarketingR&R1세부지표1,세부지표1,Marketing,R&R1,Ownership,1.역할 충실 수행,"주어진 업무의 목적과 방향을 이해하고, 지시에 따라 성실히 수행하여 업무를 완수한다."
MarketingR&R1세부지표2,세부지표2,Marketing,R&R1,Ownership,2.기본 문제 해결,"직면한 문제에 대해 자율적으로 해결을 시도하며, 필요 시 상사에게 보고하여 효율적인 문제 해결을 지원한다."
MarketingR&R1세부지표3,세부지표3,Marketing,R&R1,Ownership,3. 목표 이해 및 성과 달성,"주어진 기한 내에 담당 업무를 완수하여 정해진 목표를 충실히 달성하고, 업무의 완성도를 향상시킨다."
MarketingR&R1세부지표4,세부지표4,Marketing,R&R1,Ownership,4. 협조적인 태도,"팀원과 긴밀히 협력하며, 필요 시 적극적으로 도움을 요청하거나 지원을 제공하여 공동의 목표 달성을 촉진한다."
MarketingR&R1세부지표5,세부지표5,Marketing,R&R1,Ownership,5. 자발적인 학습능력,"이해가 부족한 사항에 대해 적극적으로 문의하며, 필요한 역량을 자발적으로 습득해 업무 완성도를 높인다."
Quality AssuranceR&R6세부지표1,세부지표1,Quality Assurance,R&R6,Visionary Pioneer,1. 글로벌 전략 수립,업계 트렌드와 변화에 대한 선도적 이해를 바탕으로 전사 단위 업무 및 사업의 중장기 방향성을 제시하고 글로벌 차원의 중장기 전략을 수립한다.
Quality AssuranceR&R6세부지표2,세부지표2,Quality Assurance,R&R6,Visionary Pioneer,2. 글로벌 리더십 발휘,Industry 내에서 영향력과 통찰력을 발휘하여 누구나 인정할 수 있는 리더십으로 글로벌 성과를 창출하고 조직을 선도한다.
Quality AssuranceR&R6세부지표3,세부지표3,Quality Assurance,R&R6,Visionary Pioneer,3. 혁신적 변화 주도,"전사적 프로세스의 근본적인 변화를 글로벌 파트너와 협력하여 주도하고, 최신 기술과 업계 동향을 반영하여 Industry 내에서 선구자적인 영향력을 행사한다."
Quality AssuranceR&R6세부지표4,세부지표4,Quality Assurance,R&R6,Visionary Pioneer,4. 전사적 프로젝트 리딩,"전사 전략에 대해 시스템적 조언을 경영진에게 제공하고, 글로벌 관점에서 비즈니스 목표와 연계된 혁신적 전략을 추진하며, 글로벌 혁신 프로젝트를 리딩한다."
Quality AssuranceR&R6세부지표5,세부지표5,Quality Assurance,R&R6,Visionary Pioneer,5. 글로벌 성과 극대화,업계 최고 수준의 혁신 성과를 달성하여 조직이 글로벌 시장에서 표준을 제시하는 선도적 위치를 확립한다.
Quality AssuranceR&R5세부지표1,세부지표1,Quality Assurance,R&R5,Strategic Leadership Achievement,1. 전략적 리딩,"변화하는 기술 및 시장 환경에서 선제적으로 대응하는 전략적 의사결정을 통해 조직의 경쟁 우위를 지속 가능하게 확보하며, 장기적 성장과 비전 실현을 리딩한다."
Quality AssuranceR&R5세부지표2,세부지표2,Quality Assurance,R&R5,Strategic Leadership Achievement,2. 합리적 의사결정,다양한 직군과 직무 간 커뮤니케이션 허브 역할을 수행하여 합리적 의사결정을 촉진하며 성과를 극대화할 수 있는 합리적인 판단을 내린다.
Quality AssuranceR&R5세부지표3,세부지표3,Quality Assurance,R&R5,Strategic Leadership Achievement,3. 전사적 변화 주도,"조직의 장기적 전략과 비전을 실현하기 위해 전사적 변화를 주도하고, 조직 전체의 성과를 극대화하여 지속 가능한 성장을 도모한다."
Quality AssuranceR&R5세부지표4,세부지표4,Quality Assurance,R&R5,Strategic Leadership Achievement,4. 전사 문제해결,"전사적 차원의 복잡한 이슈를 통합적이고 종합적으로 분석하여 문제의 근본 원인을 명확히 진단하고, 장기적인 효과를 고려한 실효성 있는 해결 방안을 제시한다."
Quality AssuranceR&R5세부지표5,세부지표5,Quality Assurance,R&R5,Strategic Leadership Achievement,5. 단위국가 파트너 협력,"폭넓은 이해관계자와 전략적 파트너십을 형성하고, 각 분야의 특성과 목표를 통합하여 시너지를 극대화하는 성과를 창출한다."
Quality AssuranceR&R4세부지표1,세부지표1,Quality Assurance,R&R4,Cross Functional Achievement,1.전사 프로젝트 리딩,Cross Functional 차원 이슈를 논의하고 해결할 수 있는 전문성을 바탕으로 전사 품질 보증 프로세스 개선한다.
Quality AssuranceR&R4세부지표2,세부지표2,Quality Assurance,R&R4,Cross Functional Achievement,2.이해관계자 관리,"다양한 직군과의 커뮤니케이션을 통해 합리적인 의사결정을 가능하게 하고, 최적의 아웃풋을 창출한다."
Quality AssuranceR&R4세부지표3,세부지표3,Quality Assurance,R&R4,Cross Functional Achievement,3.부서 간 협업 조정,"관련 부서와 긴밀히 협력하여 Cross Functional한 협업의 복잡한 이슈를 해결하고, 부서 간 협업을 전략적으로 조율하여 프로그램 목표를 달성하는 데 기여한다."
Quality AssuranceR&R4세부지표4,세부지표4,Quality Assurance,R&R4,Cross Functional Achievement,4.성과 극대화,QA 직군 외 발생 가능한 다양한 리스크를 산출하고 이를 예방 및 관리하여 전사적 품질 보증 프로세스를 개선하고 성과를 극대화한다.
Quality AssuranceR&R4세부지표5,세부지표5,Quality Assurance,R&R4,Cross Functional Achievement,5.복잡한 문제 해결,"다수의 이해관계자가 얽힌 복잡한 문제를 다각도로 접근하고 분석하여, 통합적인 해결 방안을 수립하고, 효과적으로 이행한다"
Quality AssuranceR&R3세부지표1,세부지표1,Quality Assurance,R&R3,Driving Achievement,1.목표 설정 및 달성,"조직(팀/파트)이 필요로 하는 업무 과제를 스스로 판단, 계획, 실행할 수 있으며 조직(팀/파트) 구조의 효율성을 향상시킨다."
Quality AssuranceR&R3세부지표2,세부지표2,Quality Assurance,R&R3,Driving Achievement,2.업무 분배,"프로젝트 단위 업무 수행 시, 관련 커뮤니케이션을 리딩하고 구성원들에게 업무를 효과적으로 분배하고, 작업 일정이 준수될 수 있도록 관리한다."
Quality AssuranceR&R3세부지표3,세부지표3,Quality Assurance,R&R3,Driving Achievement,3.피드백 제공,멘토링을 통해 작업된 결과들에 대한 구조적 디테일 부분에서 건설적인 피드백 및 개선 방향성을 제시하고 전문성 개발을 지원한다.
Quality AssuranceR&R3세부지표4,세부지표4,Quality Assurance,R&R3,Driving Achievement,4.성과 모니터링,"구성원의 Test Case를 사전에 리뷰하여 리스크를 분석하고 개선을 제안하여, 프로젝트 성과를 지속적으로 모니터링하고 발전시킨다."
Quality AssuranceR&R3세부지표5,세부지표5,Quality Assurance,R&R3,Driving Achievement,5.지속적 성과 창출,"한 프로덕트의 QA 리더로서 품질 전반을 책임지고 주도할 수 있으며, 장기적 성과 관리를 유지하며 팀의 성장을 지원한다."
Quality AssuranceR&R2세부지표1,세부지표1,Quality Assurance,R&R2,Collaboration,1.자기주도성,"다양한 테스트 도구와 자동화 프레임워크를 사용하여 지시 없이 QA 작업을 독립적으로 수행하고, 완성도 높은 QA Plan을 작성한다."
Quality AssuranceR&R2세부지표2,세부지표2,Quality Assurance,R&R2,Collaboration,2.프로젝트수행,"기획 의도를 이해하고 , 개발자와 합리적인 일정을 도출하여 작업을 마무리한다."
Quality AssuranceR&R2세부지표3,세부지표3,Quality Assurance,R&R2,Collaboration,3.논리적 문제 해결,"객관적이고 논리적인 자료를 기반으로 구성원 및 협업 부서와 소통하며, 업무를 수행하고 문제를 해결할 수 있는 합리적인 방안을 제시하며 업무를 수행한다."
Quality AssuranceR&R2세부지표4,세부지표4,Quality Assurance,R&R2,Collaboration,4.부서 간 협력,"담당 팀과 다른 부서의 기능을 이해하고, 필요한 경우 부서 간 협업을 통해 프로그램의 기본적인 조율을 수행한다."
Quality AssuranceR&R2세부지표5,세부지표5,Quality Assurance,R&R2,Collaboration,5.소통 및 조율,"테스트 계획 및 전략 수립을 바탕으로 완성도 높은 테스트 케이스를 작성하고, 부서 간 소통을 통해 업무 조율을 체계적으로 수행한다."
Quality AssuranceR&R1세부지표1,세부지표1,Quality Assurance,R&R1,Ownership,1.역할 충실 수행,"주어진 업무의 목적과 방향을 이해하고, 지시에 따라 성실히 수행하여 업무를 완수한다."
Quality AssuranceR&R1세부지표2,세부지표2,Quality Assurance,R&R1,Ownership,2.기본 문제 해결,"직면한 문제에 대해 자율적으로 해결을 시도하며, 필요 시 상사에게 보고하여 효율적인 문제 해결을 지원한다."
Quality AssuranceR&R1세부지표3,세부지표3,Quality Assurance,R&R1,Ownership,3. 목표 이해 및 성과 달성,"주어진 기한 내에 담당 업무를 완수하고, Feature 단위(Two to three tasks)로 업무 지원을 통해 목표를 달성한다."
Quality AssuranceR&R1세부지표4,세부지표4,Quality Assurance,R&R1,Ownership,4. 협조적인 태도,"팀원과 긴밀히 협력하며, 필요 시 적극적으로 도움을 요청하거나 지원을 제공하여 공동의 목표 달성을 촉진한다."
Quality AssuranceR&R1세부지표5,세부지표5,Quality Assurance,R&R1,Ownership,5. 자발적인 학습능력,"이해가 부족한 사항에 대해 적극적으로 문의하며, 필요한 역량을 자발적으로 습득해 업무 완성도를 높인다."
ArtR&R6세부지표1,세부지표1,Art,R&R6,Visionary Pioneer,1. 글로벌 전략 수립,업계 트렌드와 변화에 대한 선도적 이해를 바탕으로 전사 단위 업무 및 사업의 중장기 방향성을 제시하고 글로벌 차원의 중장기 전략을 수립한다.
ArtR&R6세부지표2,세부지표2,Art,R&R6,Visionary Pioneer,2. 글로벌 리더십 발휘,Industry 내에서 영향력과 통찰력을 발휘하여 누구나 인정할 수 있는 리더십으로 글로벌 성과를 창출하고 조직을 선도한다.
ArtR&R6세부지표3,세부지표3,Art,R&R6,Visionary Pioneer,3. 혁신적 변화 주도,"전사적 프로세스의 근본적인 변화를 글로벌 파트너와 협력하여 주도하고, 최신 기술과 업계 동향을 반영하여 Industry 내에서 선구자적인 영향력을 행사한다."
ArtR&R6세부지표4,세부지표4,Art,R&R6,Visionary Pioneer,4. 전사적 프로젝트 리딩,"전사 전략에 대해 시스템적 조언을 경영진에게 제공하고, 글로벌 관점에서 비즈니스 목표와 연계된 혁신적 전략을 추진하며, 글로벌 혁신 프로젝트를 리딩한다."
ArtR&R6세부지표5,세부지표5,Art,R&R6,Visionary Pioneer,5. 글로벌 성과 극대화,업계 최고 수준의 혁신 성과를 달성하여 그룹이 글로벌 시장에서 선도적 위치를 확보하고 유지할 수 있도록 기여한다.
ArtR&R5세부지표1,세부지표1,Art,R&R5,Strategic Leadership Achievement,1. 전략적 리딩,"변화하는 기술 및 시장 환경에서 선제적으로 대응하는 전략적 의사결정을 통해 조직의 경쟁 우위를 지속 가능하게 확보하며, 장기적 성장과 비전 실현을 리딩한다."
ArtR&R5세부지표2,세부지표2,Art,R&R5,Strategic Leadership Achievement,2. 합리적 의사결정,다양한 직군과 직무 간 커뮤니케이션 허브 역할을 수행하여 합리적 의사결정을 촉진하며 성과를 극대화할 수 있는 합리적인 판단을 내린다.
ArtR&R5세부지표3,세부지표3,Art,R&R5,Strategic Leadership Achievement,3. 전사적 변화 주도,"조직의 장기적 전략과 비전을 실현하기 위해 전사적 변화를 주도하고, 조직 전체의 성과를 극대화하여 지속 가능한 성장을 도모한다."
ArtR&R5세부지표4,세부지표4,Art,R&R5,Strategic Leadership Achievement,4. 전사 문제해결,"전사적 차원의 복잡한 이슈를 통합적이고 종합적으로 분석하여 문제의 근본 원인을 명확히 진단하고, 장기적인 효과를 고려한 실효성 있는 해결 방안을 제시한다."
ArtR&R5세부지표5,세부지표5,Art,R&R5,Strategic Leadership Achievement,5. 단위국가 파트너 협력,"폭넓은 이해관계자와 전략적 파트너십을 형성하고, 각 분야의 특성과 목표를 통합하여 시너지를 극대화하는 성과를 창출한다."
ArtR&R4세부지표1,세부지표1,Art,R&R4,Cross Functional Achievement,1.전사 프로젝트 리딩,조직 내 공동 목표 달성을 위해 여러 프로젝트의 Milestone을 효율적으로 관리한다.
ArtR&R4세부지표2,세부지표2,Art,R&R4,Cross Functional Achievement,2.이해관계자 관리,"다양한 직군과의 커뮤니케이션을 통해 합리적인 의사결정을 가능하게 하고, 최적의 아웃풋을 창출한다."
ArtR&R4세부지표3,세부지표3,Art,R&R4,Cross Functional Achievement,3.부서 간 협업 조정,협업 부서의 업무를 이해하고 Cross Functional 차원의 이슈를 해결하며 부서 간 협업을 조율함으로써 큰 규모의 프로젝트를 완성한다.
ArtR&R4세부지표4,세부지표4,Art,R&R4,Cross Functional Achievement,4.성과 극대화,조직 내 공동 목표 달성을 위해 여러 프로젝트를 동시에 주도하며 효율적인 자원 배분을 통해 전사적 성과를 극대화한다.
ArtR&R4세부지표5,세부지표5,Art,R&R4,Cross Functional Achievement,5.복잡한 문제 해결,"다수의 이해관계자가 얽힌 복잡한 문제를 다각도로 접근하고 분석하여, 통합적인 해결 방안을 수립하고, 효과적으로 이행한다."
ArtR&R3세부지표1,세부지표1,Art,R&R3,Driving Achievement,1.목표 설정 및 달성,프로젝트를 주도적으로 리딩하고 매니지먼트하여 구성원들이 지속적으로 작업 일정을 준수하도록 지원한다.
ArtR&R3세부지표2,세부지표2,Art,R&R3,Driving Achievement,2.업무 분배,"프로젝트 단위 업무 수행 시, 관련 커뮤니케이션을 리딩하고 구성원들에게 업무를 효과적으로 분배하고, 작업 일정이 준수될 수 있도록 관리한다."
ArtR&R3세부지표3,세부지표3,Art,R&R3,Driving Achievement,3.피드백 제공,작업된 결과들에 대한 구조적 디테일 부분에서 건설적인 피드백 및 개선 방향성을 제시하여 성과 향상 및 조직 성과 향상을 지원한다.
ArtR&R3세부지표4,세부지표4,Art,R&R3,Driving Achievement,4.성과 모니터링,"할당된 작업을 정밀하게 수행하고 과정을 깊이 이해하며 개선 사항을 전략적으로 분석하여, 성과를 지속적으로 모니터링하고 발전시킨다."
ArtR&R3세부지표5,세부지표5,Art,R&R3,Driving Achievement,5.지속적 성과 창출,"프로젝트 리딩과 구성원 매니지먼트를 통해 지속 가능한 성과를 창출하고, 장기적 성과 관리를 유지하며 팀의 성장을 지원한다."
ArtR&R2세부지표1,세부지표1,Art,R&R2,Collaboration,1.자기주도성,게임 기획과 흐름에 대한 이해를 바탕으로 아트 리소스 제작업무를 독립적으로 수행한다.
ArtR&R2세부지표2,세부지표2,Art,R&R2,Collaboration,2.프로젝트수행,"기획 의도를 이해하고, 개발자와 합리적인 일정을 도출하여 작업을 마무리한다."
ArtR&R2세부지표3,세부지표3,Art,R&R2,Collaboration,3.논리적 문제 해결,"객관적인 근거자료를 바탕으로 결과물에 대한 개선사항을 제시하여, 논리적인 해결책으로 품질을 높이고 문제를 해결한다."
ArtR&R2세부지표4,세부지표4,Art,R&R2,Collaboration,4.부서 간 협력,"협업하는 팀과 다른 팀/파트의 기능과 프로세스를 이해하고, 원활한 커뮤니케이션을 통해 디자인 아웃풋을 창출하며, 여러 부서와 협력한다."
ArtR&R2세부지표5,세부지표5,Art,R&R2,Collaboration,5.소통 및 조율,다른 팀과의 소통을 통해 협업 부서의 목표와 목적을 이해하며 조율하여 업무 흐름을 최적화한다.
ArtR&R1세부지표1,세부지표1,Art,R&R1,Ownership,1.역할 충실 수행,"주어진 업무의 목적과 방향을 이해하고, 지시에 따라 성실히 수행하여 업무를 완수한다."
ArtR&R1세부지표2,세부지표2,Art,R&R1,Ownership,2.기본 문제 해결,"직면한 문제에 대해 자율적으로 해결을 시도하며, 필요 시 상사에게 보고하여 효율적인 문제 해결을 지원한다."
ArtR&R1세부지표3,세부지표3,Art,R&R1,Ownership,3. 목표 이해 및 성과 달성,"주어진 기한 내에 담당 업무를 완수하여 기한내에 정해진 목표를 충실히 달성하며, 업무의 완성도를 향상시킨다."
ArtR&R1세부지표4,세부지표4,Art,R&R1,Ownership,4. 협조적인 태도,"팀원과 긴밀히 협력하며, 필요 시 적극적으로 도움을 요청하거나 지원을 제공하여 공동의 목표 달성을 촉진한다."
ArtR&R1세부지표5,세부지표5,Art,R&R1,Ownership,5. 자발적인 학습능력,"이해가 부족한 사항에 대해 적극적으로 문의하며, 필요한 역량을 자발적으로 습득해 업무 완성도를 높인다."
Project ManagementR&R6세부지표1,세부지표1,Project Management,R&R6,Visionary Pioneer,1. 글로벌 전략 수립,업계 트렌드와 변화에 대한 선도적 이해를 바탕으로 전사 단위 업무 및 사업의 중장기 방향성을 제시하고 글로벌 차원의 중장기 전략을 수립한다.
Project ManagementR&R6세부지표2,세부지표2,Project Management,R&R6,Visionary Pioneer,2. 글로벌 리더십 발휘,Industry 내에서 영향력과 통찰력을 발휘하여 누구나 인정할 수 있는 리더십으로 글로벌 성과를 창출하고 조직을 선도한다.
Project ManagementR&R6세부지표3,세부지표3,Project Management,R&R6,Visionary Pioneer,3. 혁신적 변화 주도,"전사적 프로세스의 근본적인 변화를 글로벌 파트너와 협력하여 주도하고, 최신 기술과 업계 동향을 반영하여 Industry 내에서 선구자적인 영향력을 행사한다."
Project ManagementR&R6세부지표4,세부지표4,Project Management,R&R6,Visionary Pioneer,4. 전사적 프로젝트 리딩,"전사 전략에 대해 시스템적 조언을 경영진에게 제공하고, 글로벌 관점에서 비즈니스 목표와 연계된 혁신적 전략을 추진하며, 글로벌 혁신 프로젝트를 리딩한다."
Project ManagementR&R6세부지표5,세부지표5,Project Management,R&R6,Visionary Pioneer,5. 글로벌 성과 극대화,업계 최고 수준의 혁신 성과를 달성하여 조직이 글로벌 시장에서 표준을 제시하는 선도적 위치를 확립한다.
Project ManagementR&R5세부지표1,세부지표1,Project Management,R&R5,Strategic Leadership Achievement,1. 전략적 리딩,"변화하는 기술 및 시장 환경에서 선제적으로 대응하는 전략적 의사결정을 통해 조직의 경쟁 우위를 지속 가능하게 확보하며, 장기적 성장과 비전 실현을 리딩한다."
Project ManagementR&R5세부지표2,세부지표2,Project Management,R&R5,Strategic Leadership Achievement,2. 합리적 의사결정,다양한 직군과 직무 간 커뮤니케이션 허브 역할을 수행하여 합리적 의사결정을 촉진하며 성과를 극대화할 수 있는 합리적인 판단을 내린다.
Project ManagementR&R5세부지표3,세부지표3,Project Management,R&R5,Strategic Leadership Achievement,3. 전사적 변화 주도,"조직의 장기적 전략과 비전을 실현하기 위해 전사적 변화를 주도하고, 조직 전체의 성과를 극대화하여 지속 가능한 성장을 도모한다."
Project ManagementR&R5세부지표4,세부지표4,Project Management,R&R5,Strategic Leadership Achievement,4. 전사 문제해결,"전사적 차원의 복잡한 이슈를 통합적이고 종합적으로 분석하여 문제의 근본 원인을 명확히 진단하고, 장기적인 효과를 고려한 실효성 있는 해결 방안을 제시한다."
Project ManagementR&R5세부지표5,세부지표5,Project Management,R&R5,Strategic Leadership Achievement,5. 단위국가 파트너 협력,"폭넓은 이해관계자와 전략적 파트너십을 형성하고, 각 분야의 특성과 목표를 통합하여 시너지를 극대화하는 성과를 창출한다."
Project ManagementR&R4세부지표1,세부지표1,Project Management,R&R4,Cross Functional Achievement,1.전사 프로젝트 리딩,"효율적인 일정 조율 및 자원 배분을 통해, 그룹 내 여러 부서와 이해 관계자가 관련되어 있는 프로젝트를 주도하여 조직 내 공동 목표를 달성한다."
Project ManagementR&R4세부지표2,세부지표2,Project Management,R&R4,Cross Functional Achievement,2.이해관계자 관리,"다양한 직군과의 커뮤니케이션을 통해 합리적인 의사결정을 가능하게 하고, 최적의 아웃풋을 창출한다."
Project ManagementR&R4세부지표3,세부지표3,Project Management,R&R4,Cross Functional Achievement,3.부서 간 협업 조정,협업 부서의 업무를 이해하고 Cross Functional 차원의 이슈를 해결하며 부서 간 협업을 조율함으로써 큰 규모의 프로젝트를 완성한다.
Project ManagementR&R4세부지표4,세부지표4,Project Management,R&R4,Cross Functional Achievement,4.성과 극대화,"구성원들의 PM 역량 강화 방향성을 제시하여 조직 전체의 역량을 강화하고, 이를 통해 전사적 핵심 성과를 극대화한다."
Project ManagementR&R4세부지표5,세부지표5,Project Management,R&R4,Cross Functional Achievement,5.복잡한 문제 해결,"다수의 이해관계자가 얽힌 복잡한 문제를 다각도로 접근하고 분석하여, 통합적인 해결 방안을 수립하고, 효과적으로 이행한다."
Project ManagementR&R3세부지표1,세부지표1,Project Management,R&R3,Driving Achievement,1.목표 설정 및 달성,특정 단일 프로젝트의 리더로서 프로젝트의 중요도와 전반적인 사항을 인지하여 구성원을 리드하고 조직 단위의 목표를 설정하고 달성한다.
Project ManagementR&R3세부지표2,세부지표2,Project Management,R&R3,Driving Achievement,2.업무 분배,"프로젝트 단위 업무 수행 시, 사업 구조에 대한 이해를 바탕으로 산출물을 설계하고 작업을 리드하며, 팀 내 업무를 효과적으로 분배하고, 효율적인 프로세스를 통해 작업 일정이 준수될 수 있도록 관리한다."
Project ManagementR&R3세부지표3,세부지표3,Project Management,R&R3,Driving Achievement,3.피드백 제공,작업된 결과물에 대한 구조적 디테일과 작업프로세스에 대한 건설적인 피드백 및 개선 방향성을 제시하여 조직 성과 향상을 지원한다.
Project ManagementR&R3세부지표4,세부지표4,Project Management,R&R3,Driving Achievement,4.성과 모니터링,업무 과정과 비용에 대한 깊은 이해를 토대로 할당된 작업을 지속적으로 모니터링 및 개선하여 담당 조직의 성과를 도출한다.
Project ManagementR&R3세부지표5,세부지표5,Project Management,R&R3,Driving Achievement,5.지속적 성과 창출,지속적인 트렌드 분석 및 지식 공유를 통해 구성원들에게 다양한 시야를 제공하여 팀의 지속 가능한 성과를 창출하고 관리한다.
Project ManagementR&R2세부지표1,세부지표1,Project Management,R&R2,Collaboration,1.자기주도성,"소속 조직 내 개발 프로젝트의 주요 Milestone을 설정하고 관리하며, 지시 없이도 주어진 프로젝트 업무를 독립적으로 수행한다."
Project ManagementR&R2세부지표2,세부지표2,Project Management,R&R2,Collaboration,2.프로젝트수행,"기획 의도를 이해하고, 개발자와 합리적인 일정을 도출하여 작업을 마무리한다."
Project ManagementR&R2세부지표3,세부지표3,Project Management,R&R2,Collaboration,3.논리적 문제 해결,"객관적이고 논리적인 자료를 기반으로 구성원 및 협업 부서와 소통하며, 업무를 수행하고 문제를 해결할 수 있는 합리적인 방안을 제시한다."
Project ManagementR&R2세부지표4,세부지표4,Project Management,R&R2,Collaboration,4.부서 간 협력,"협업하는 팀과 다른 팀/파트의 기능과 프로세스를 이해하고, 여러 부서와 협력하여 업무를 효율적으로 조율하며 성과를 창출한다."
Project ManagementR&R2세부지표5,세부지표5,Project Management,R&R2,Collaboration,5.소통 및 조율,"기획 의도를 이해하고, 개발자와 협력하여 합리적인 일정을 도출하며, 부서 간 소통을 통해 업무를 효과적으로 조율하여 업무 흐름을 최적화한다."
Project ManagementR&R1세부지표1,세부지표1,Project Management,R&R1,Ownership,1.역할 충실 수행,"주어진 업무의 목적과 방향을 이해하고, 지시에 따라 성실히 수행하여 업무를 완수한다."
Project ManagementR&R1세부지표2,세부지표2,Project Management,R&R1,Ownership,2.기본 문제 해결,"직면한 문제에 대해 자율적으로 해결을 시도하며, 필요 시 상사에게 보고하여 효율적인 문제 해결을 지원한다."
Project ManagementR&R1세부지표3,세부지표3,Project Management,R&R1,Ownership,3. 목표 이해 및 성과 달성,"주어진 기한 내에 담당 업무를 완수하여 정해진 목표를 충실히 달성하고, 프로젝트 요구사항을 만족시킨다."
Project ManagementR&R1세부지표4,세부지표4,Project Management,R&R1,Ownership,4. 협조적인 태도,"팀원 및 타 파트 구성원과 긴밀히 협력하며, 필요 시 적극적으로 도움을 요청하거나 지원을 제공하여 공동의 목표 달성을 촉진한다."
Project ManagementR&R1세부지표5,세부지표5,Project Management,R&R1,Ownership,5. 자발적인 학습능력,"조직(파트/팀)의 개발 환경과 도메인 지식을 빠르게 습득하여 업무를 이해하고, 지속적으로 학습하여 업무 완성도를 높인다."
Software DesignR&R6세부지표1,세부지표1,Software Design,R&R6,Visionary Pioneer,1. 글로벌 전략 수립,업계 트렌드와 변화에 대한 선도적 이해를 바탕으로 전사 단위 업무 및 사업의 중장기 방향성을 제시하고 글로벌 차원의 중장기 전략을 수립한다.
Software DesignR&R6세부지표2,세부지표2,Software Design,R&R6,Visionary Pioneer,2. 글로벌 리더십 발휘,Industry 내에서 영향력과 통찰력을 발휘하여 누구나 인정할 수 있는 리더십으로 글로벌 성과를 창출하고 조직을 선도한다.
Software DesignR&R6세부지표3,세부지표3,Software Design,R&R6,Visionary Pioneer,3. 혁신적 변화 주도,"전사적 프로세스의 근본적인 변화를 글로벌 파트너와 협력하여 주도하고, 최신 기술과 업계 동향을 반영하여 Industry 내에서 선구자적인 영향력을 행사한다."
Software DesignR&R6세부지표4,세부지표4,Software Design,R&R6,Visionary Pioneer,4. 전사적 프로젝트 리딩,"전사 전략에 대해 시스템적 조언을 경영진에게 제공하고, 글로벌 관점에서 비즈니스 목표와 연계된 혁신적 전략을 추진하며, 글로벌 혁신 프로젝트를 리딩한다."
Software DesignR&R6세부지표5,세부지표5,Software Design,R&R6,Visionary Pioneer,5. 글로벌 성과 극대화,업계에서 최고 수준의 혁신 성과를 달성하여 조직이 글로벌 시장에서 경쟁력을 유지하고 선도적 위치를 확보한다.
Software DesignR&R5세부지표1,세부지표1,Software Design,R&R5,Strategic Leadership Achievement,1. 전략적 리딩,"변화하는 기술 및 시장 환경에서 선제적으로 대응하는 전략적 의사결정을 통해 조직의 경쟁 우위를 지속 가능하게 확보하며, 장기적 성장과 비전 실현을 리딩한다."
Software DesignR&R5세부지표2,세부지표2,Software Design,R&R5,Strategic Leadership Achievement,2. 합리적 의사결정,다양한 직군과 직무 간 커뮤니케이션 허브 역할을 수행하여 합리적 의사결정을 촉진하며 성과를 극대화할 수 있는 합리적인 판단을 내린다.
Software DesignR&R5세부지표3,세부지표3,Software Design,R&R5,Strategic Leadership Achievement,3. 전사적 변화 주도,"조직의 장기적 전략과 비전을 실현하기 위해 전사적 변화를 주도하고, 조직 전체의 성과를 극대화하여 지속 가능한 성장을 도모한다."
Software DesignR&R5세부지표4,세부지표4,Software Design,R&R5,Strategic Leadership Achievement,4. 전사 문제해결,"전사적 차원의 복잡한 이슈를 통합적이고 종합적으로 분석하여 문제의 근본 원인을 명확히 진단하고, 장기적인 효과를 고려한 실효성 있는 해결 방안을 제시한다."
Software DesignR&R5세부지표5,세부지표5,Software Design,R&R5,Strategic Leadership Achievement,5. 단위국가 파트너 협력,"폭넓은 이해관계자와 전략적 파트너십을 형성하고, 각 분야의 특성과 목표를 통합하여 시너지를 극대화하는 성과를 창출한다."
Software DesignR&R4세부지표1,세부지표1,Software Design,R&R4,Cross Functional Achievement,1.전사 프로젝트 리딩,Cross Functional 차원 이슈를 논의하고 해결할 수 있는 전문성을 바탕으로 전반적인 프로젝트를 리딩하여 목표를 달성한다.
Software DesignR&R4세부지표2,세부지표2,Software Design,R&R4,Cross Functional Achievement,2.이해관계자 관리,"다양한 직군과의 커뮤니케이션을 통해 합리적인 의사결정을 가능하게 하고, 최적의 아웃풋을 창출한다."
Software DesignR&R4세부지표3,세부지표3,Software Design,R&R4,Cross Functional Achievement,3.부서 간 협업 조정,협업 부서의 업무를 이해하고 Cross Functional 차원의 이슈를 해결하며 부서 간 협업을 조율함으로써 큰 규모의 프로젝트를 완성한다.
Software DesignR&R4세부지표4,세부지표4,Software Design,R&R4,Cross Functional Achievement,4.성과 극대화,조직 내 공동 목표 달성을 위해 여러 프로젝트를 동시에 주도하며 효율적인 자원 배분을 통해 전사적 성과를 극대화한다.
Software DesignR&R4세부지표5,세부지표5,Software Design,R&R4,Cross Functional Achievement,5.복잡한 문제 해결,"다수의 이해관계자가 얽힌 복잡한 문제를 다각도로 접근하고 분석하여, 통합적인 해결 방안을 수립하고, 효과적으로 이행한다."
Software DesignR&R3세부지표1,세부지표1,Software Design,R&R3,Driving Achievement,1.목표 설정 및 달성,"특정 단일 프로젝트의 리더로서 전반적인 기획 및 작업을 주도하며, 팀/파트의 목표를 명확히 설정하고 목표 달성을 위해 전략적으로 기획을 주도한다."
Software DesignR&R3세부지표2,세부지표2,Software Design,R&R3,Driving Achievement,2.업무 분배,"프로젝트 단위 업무 수행 시, 게임 구조에 대한 이해를 바탕으로 산출물을 설계하고 작업을 리드하며, 팀 내 업무를 효과적으로 분배하고, 작업 일정이 준수될 수 있도록 관리한다."
Software DesignR&R3세부지표3,세부지표3,Software Design,R&R3,Driving Achievement,3.피드백 제공,작업된 결과들에 대한 구조적 디테일 부분에서 건설적인 피드백 및 개선 방향성을 제시하여 성과 향상 및 조직 성과 향상을 지원한다.
Software DesignR&R3세부지표4,세부지표4,Software Design,R&R3,Driving Achievement,4.성과 모니터링,"할당된 작업을 정밀하게 수행하고 과정을 깊이 이해하며 개선 사항을 전략적으로 분석하여, 성과를 지속적으로 모니터링하고 발전시킨다."
Software DesignR&R3세부지표5,세부지표5,Software Design,R&R3,Driving Achievement,5.지속적 성과 창출,"한 프로덕트의 기획 리더로서 기획 전반을 책임지고 주도하여 지속 가능한 성과를 창출하고, 장기적 성과 관리에 기여한다."
Software DesignR&R2세부지표1,세부지표1,Software Design,R&R2,Collaboration,1.자기주도성,"포커 및 카지노 게임산업에 대한 전반적인 지식을 자발적으로 습득하여, 게임 개발 시스템과 관련된 업무를 완수한다."
Software DesignR&R2세부지표2,세부지표2,Software Design,R&R2,Collaboration,2.프로젝트수행,"기획 의도를 이해하고, 담당 업무에 대해 동료들이 납득할 수 있는 본인의 일정을 제시, 관리하며 작업을 마무리한다."
Software DesignR&R2세부지표3,세부지표3,Software Design,R&R2,Collaboration,3.논리적 문제 해결,기획 의도를 정확히 파악하고 논리적 근거에 기반해 문제 해결책을 제시한다.
Software DesignR&R2세부지표4,세부지표4,Software Design,R&R2,Collaboration,4.부서 간 협력,"협업하는 팀과 다른 팀/파트의 기능과 프로세스를 이해하고, 여러 부서와 협력하여 업무를 효율적으로 조율하며 성과를 창출한다."
Software DesignR&R2세부지표5,세부지표5,Software Design,R&R2,Collaboration,5.소통 및 조율,다른 팀과의 소통을 통해 협업 부서의 목표와 목적을 이해하며 조율하여 업무 흐름을 최적화한다.
Software DesignR&R1세부지표1,세부지표1,Software Design,R&R1,Ownership,1.역할 충실 수행,"주어진 업무의 목적과 방향을 이해하고, 지시에 따라 성실히 수행하여 업무를 완수한다."
Software DesignR&R1세부지표2,세부지표2,Software Design,R&R1,Ownership,2.기본 문제 해결,"직면한 문제에 대해 먼저 해결 방안을 마련하여 보고하며, 협의된 방향에 따라 문제 해결을 지원한다."
Software DesignR&R1세부지표3,세부지표3,Software Design,R&R1,Ownership,3. 목표 이해 및 성과 달성,"주어진 기한 내에 담당 업무를 완수하여 기한 내에 정해진 목표를 충실히 달성하며, 업무의 완성도를 향상시킨다."
Software DesignR&R1세부지표4,세부지표4,Software Design,R&R1,Ownership,4. 협조적인 태도,"팀원과 긴밀히 협력하며, 필요 시 적극적으로 도움을 요청하거나 지원을 제공하여 공동의 목표 달성을 촉진한다."
Software DesignR&R1세부지표5,세부지표5,Software Design,R&R1,Ownership,5. 자발적인 학습능력,"조직(파트/팀)의 개발 환경과 도메인 지식을 빠르게 습득하여 업무를 이해하고, 지속적으로 학습하여 업무 완성도를 높인다."
